frame,t,agent,x,y,vx,vy
0,0.0,0,5.118216247002567,9.504636963259353,0.36853322600744265,0.33791013794875585
0,0.0,1,1.4415961271963373,9.486494471372438,-0.319350325987566,0.38472765600049513
0,0.0,2,3.1183145201048545,4.233264489725757,0.41601934035547783,0.27735880813522595
0,0.0,3,8.277025938204417,4.091991363691613,-0.40538478975982023,-0.2926827159765099
0,0.0,4,5.495936876730595,0.27559113243068367,-0.03253715691774026,0.49894021026542884
0,0.0,5,7.535131086748066,5.381433132192782,-0.04498866137985263,0.49797190718678996
0,0.0,6,3.297317164990922,7.884287034284043,-0.11925042257668513,0.4855711448544714
0,0.0,7,3.03194829291645,4.534978894806515,0.40868491246584737,0.2880566651247332
0,0.0,8,1.3404169724716475,4.031129864471293,-0.028433491877321856,-0.49919088186750993
0,0.0,9,2.034552406761496,2.6231334044184953,-0.2921809598395912,-0.40574657941529857
0,0.0,10,7.503646726300525,2.8040875798603992,-0.392155978305142,-0.31018331463754945
0,0.0,11,4.851909744316351,9.807371998012385,0.4886036821248175,0.1061434963343036
0,0.0,12,9.616571936637868,7.2478994077353365,-0.4516941897609202,0.21441165765001174
0,0.0,13,5.412268555474342,2.768912040453708,-0.19798679033339364,-0.45913095174849716
0,0.0,14,1.6065200877512686,9.699254132161325,0.2775326023394276,0.4159034198449264
0,0.0,15,5.160685855478787,1.1586561247077032,-0.37641904704762147,0.32910287300441565
0,0.0,16,6.234897555375004,7.76683114342298,0.4961223858479858,0.062149644089908675
0,0.0,17,6.130033010530404,9.172977047909027,0.43531151734757206,0.24597537044296622
0,0.0,18,0.3959287666420286,5.285892632600216,0.10461055486494465,0.48893417942586953
0,0.0,19,4.593358828854037,0.623495791498756,-0.42981051167796064,0.25546609178348834
0,0.0,20,6.41328169139375,8.526328384806568,-0.48672243786170794,0.11446077267761146
0,0.0,21,5.92941018104284,2.6009744773722323,0.37405978871045964,-0.3317819682711619
0,0.0,22,8.398815210314087,5.094958815215094,-0.20334471707363097,0.45678323747511246
0,0.0,23,5.10888884466533,7.530302077021779,0.4954599804186022,0.06722654091650354
0,0.0,24,1.4792203578495655,8.19626719119277,0.23041287772416782,-0.4437453163458378
0,0.0,25,6.832869060032571,7.870969415548011,0.46272101260354714,0.18944462118294084
0,0.0,26,1.9161625902013524,8.023641611345301,0.41705309336838,0.27580195306028077
0,0.0,27,1.9132392605720028,0.8155261736351271,0.4866804630359233,-0.11463911592095974
0,0.0,28,8.552269742870703,8.612834961776684,0.010571984978035364,-0.4998882206389986
0,0.0,29,8.765370964165806,4.719097193587903,-0.262197419191465,0.4257376109405125
0,0.0,30,2.7404838861371825,0.07091828603166261,0.33725182104989454,0.36913575984795877
0,0.0,31,6.457208955749478,7.199093835086931,-0.3786286833927275,0.326558295120932
0,0.0,32,8.355692165002742,2.8187782736454214,-0.2657744040748573,0.42351383228727546
0,0.0,33,2.152181671629736,6.3933138006658785,0.3523098756663459,-0.354792547142642
0,0.0,34,8.050548331450097,9.636708728449708,-0.4362526351826066,0.24430235016518276
0,0.0,35,1.5052483042117748,4.822123881993365,0.4350221929408802,0.24648669669762627
0,0.0,36,8.947158621961735,4.227169069454373,0.4480492257591582,-0.22192767131797445
0,0.0,37,5.895020620840481,0.244906774933632,-0.3594709400597939,-0.34753509643276037
0,0.0,38,6.734598871529389,9.190886196338225,0.3714816075726222,0.3346661250190409
0,0.0,39,8.268253295567211,8.855202667099467,0.3788240864368774,0.32633159751281393
0,0.0,40,6.603553805205234,2.455522672431776,-0.4885895547454559,0.10620850716226632
0,0.0,41,7.685169988962544,2.116747426075105,0.4186112406868066,0.2734312146969553
0,0.0,42,8.31274834664461,0.6271792257076825,-0.3382401567122074,-0.3682303577752673
0,0.0,43,8.254878133935557,1.645072664741013,-0.37216646839134454,-0.3339043572718307
0,0.0,44,3.7514699649664185,3.1673816655696427,0.4898764234713741,0.10010539309595141
0,0.0,45,6.913370352777413,1.7857187817437192,0.17651047124879832,-0.467807710004364
0,0.0,46,3.9625616221698645,0.058245951079809455,0.11456718568135292,-0.4866974008201137
0,0.0,47,2.6249471275010148,4.211888142289553,0.4308631893082364,-0.2536866415464851
0,0.0,48,1.0592123670732445,6.331599460365577,-0.24003219242618515,-0.4386166282747142
0,0.0,49,3.8042426988653233,7.252939380762388,-0.175672442428819,-0.4681230532361051
0,0.0,50,6.538660110683944,4.312267487774061,0.2579154104722703,0.4283452358097617
0,0.0,51,8.673205056421992,6.32135117500167,0.4943782257146395,0.0747674390309373
0,0.0,52,8.10274352106299,3.41794723940113,0.4581718094296414,0.20019638619108068
0,0.0,53,5.436692896684557,1.962968851147534,0.4875864340792961,-0.11072248778742404
0,0.0,54,9.96141190118628,2.4321546430632712,-0.30465970685567223,-0.3964624358228858
0,0.0,55,2.5686746722710274,0.7319007239096598,0.4724356075887944,-0.16372109418827704
0,0.0,56,2.5780311899673656,7.631285325440532,-0.2923257166848208,0.4056422997724792
0,0.0,57,6.978935706830813,1.2867321231716944,0.016401124220496534,-0.49973093072602964
0,0.0,58,3.7623850142809423,4.209213946174629,0.4583780917277692,0.19972362159746848
0,0.0,59,6.649842463619607,4.559289630437489,0.2512545527420918,0.43228595828036265
0,0.0,60,5.865183268255314,8.396846036089423,-0.08482956329093154,0.49275140303389275
0,0.0,61,7.264736103123704,3.650072635085589,-0.4752183471373139,-0.15545907031781514
0,0.0,62,4.483963093444842,3.6769956969000663,-0.4678231250411848,-0.17646961119892568
0,0.0,63,1.0973466400669674,2.032415440873966,-0.49998986119765654,0.003184132463977229
0,0.0,64,2.838064889441311,3.141338956023022,-0.44473566903563705,0.2284954806717724
0,0.0,65,3.130478588199377,5.76699716252952,-0.44449315542100176,-0.22896688578019567
0,0.0,66,9.716899756197547,7.74664134923732,0.4890710103031825,-0.10396897076062826
0,0.0,67,7.911339481728053,7.5926850053958,-0.4827559555610573,0.13017944296366618
0,0.0,68,5.969877305237564,9.176922571709127,0.26117272720198037,-0.4263669857832334
0,0.0,69,6.89630155447081,5.00356430736871,0.46950540393583245,0.17194381546031476
0,0.0,70,0.7708380850053875,4.8844922708552385,-0.37627304833620745,0.3292697877057324
0,0.0,71,2.1283099534033436,1.3269629754678725,-0.46431184648753415,-0.18551147999877662
0,0.0,72,5.06064922529373,7.8508529259695905,-0.3637941981012614,-0.34300696994064156
0,0.0,73,2.9500644280551946,7.687717599091664,-5.7616595546394425e-05,0.4999999966803279
0,0.0,74,5.256295231622541,1.4904802337071255,-0.4031952863173537,0.29569166557660564
0,0.0,75,9.649677439797358,4.016362238885175,0.4725378722121113,-0.16342569970861498
0,0.0,76,2.9523425566269577,8.469983706337295,-0.2968058644806622,-0.4023757930217557
0,0.0,77,1.2446033251547983,7.335904610737034,-0.43042497938923,-0.2544294344563555
0,0.0,78,1.8782474256546833,3.9249177601258243,0.45850381063110573,0.19943484057895988
0,0.0,79,2.3189987846213844,8.412279926923869,0.47337114612348347,0.16099614286603162
0,0.0,80,3.900745519398617,9.746928128822892,0.1200848701093591,0.4853654540352232
0,0.0,81,6.252614844151068,6.936228347029152,0.3239522822543311,0.3808607604127921
0,0.0,82,5.215251221324175,3.0896819907559117,0.49739604823375855,-0.050962448934882595
0,0.0,83,3.955564210524287,9.409341876619017,0.4999255177218758,0.008629990180435209
0,0.0,84,2.0120320072466447,9.882189012202122,-0.3326390923605456,0.3732977822510501
0,0.0,85,7.583058620038185,3.5978692649261026,0.46668980884871175,0.17944531845872402
0,0.0,86,6.415135895056033,3.8098153929308753,-0.3186864363002127,-0.38527776385131607
0,0.0,87,3.8149293263992003,5.038029501945296,0.47878076899136773,0.14411445189166333
0,0.0,88,0.16722821635377083,4.935715599433962,0.45451821542255844,0.2083583256054165
0,0.0,89,9.71598413446888,2.8546522878557843,0.43824032768647564,0.2407185393550951
0,0.0,90,7.482179590766122,4.42788890070495,-0.06822649166185626,0.4953232740700912
0,0.0,91,2.092810426177855,9.050025708181295,-0.44355011786194376,-0.230788415967214
0,0.0,92,0.16827284680212995,3.035089265995107,0.1706943382751251,-0.4699611078385287
0,0.0,93,9.990258823239376,2.621467961899895,-0.05390398859093381,0.4970858678477879
0,0.0,94,8.49044521859272,6.0568314865570425,-0.10345712448586566,0.4891795410614758
0,0.0,95,8.060357075271236,6.303177554434782,0.2255444787556982,-0.44623949635013305
0,0.0,96,3.6269685705784838,7.607887845834825,-0.012727164302247516,-0.4998379930425693
0,0.0,97,0.2648454890397234,4.468129517344519,0.34949913736634,0.357561677169386
0,0.0,98,3.7185456987010603,4.770740056373494,0.1733500967219108,-0.4689879998107672
0,0.0,99,1.2762068649606961,2.2250686594627247,0.24431365954184012,-0.436246301716443
0,0.0,100,5.620515900997094,3.8776911565595396,0.21905001212971142,0.4494631154899958
0,0.0,101,7.916562055903405,6.051365892775145,-0.3491996514733566,-0.3578541650042462
0,0.0,102,8.61266684786994,7.323608373256045,0.16420499007406522,0.47226763729349075
0,0.0,103,6.01823447758565,2.876156021959957,0.020437552714825048,0.49958213182521727
0,0.0,104,7.827604679261685,2.512675781710818,-0.49964541746596314,0.018827023271441742
0,0.0,105,0.7521111181440443,9.628645784432278,-0.49513499371446634,-0.06957972405360172
0,0.0,106,5.400112050964692,7.738942975498113,-0.49566765718347716,0.06567780159416858
0,0.0,107,5.292228076303601,6.115797303718215,-0.4833876569424081,-0.12781382208403283
0,0.0,108,0.3389225051650624,1.8679367935380853,0.11469122290105654,0.4866681861283519
0,0.0,109,6.746893954347774,5.7056459795249825,0.08930608037485964,-0.4919597788519699
0,0.0,110,1.5855503398671267,9.520292687261847,-0.08704261309807586,0.49236529478128194
0,0.0,111,1.543536325474043,5.103032497386853,0.4266206653780373,-0.26075814056784635
0,0.0,112,1.4400287501925768,7.173717261062347,-0.4977348298142442,-0.04753986947589724
0,0.0,113,2.763130140951527,1.3413397512178327,-0.16547345431124225,0.47182468769481023
0,0.0,114,0.4598718067051566,1.7483553789762363,0.2287181122955368,0.4446212153147511
0,0.0,115,1.917987167235664,5.369720795717926,-0.4978408750105361,0.04641619511273814
0,0.0,116,4.510388861713912,9.572943672535374,-0.3564234897571914,0.3506598008744448
0,0.0,117,9.541513368666424,7.965461104684303,-0.35776246335856815,-0.3492936011604123
0,0.0,118,6.715876339807033,8.450230915683465,-0.4999765807397191,0.00483928835875139
0,0.0,119,9.387518284798846,0.22617728887002753,0.4865784100644922,0.11507150324520347
1,1.0000000000000002,0,4.952323613657592,9.955957842766177,-0.23216111073499185,0.44283317249534826
1,1.0000000000000002,1,1.4791843734877137,9.967751457499725,0.2092314998639717,0.45411692268035203
1,1.0000000000000002,2,3.6043894293661025,4.181690959289148,0.46409191557162593,-0.1860609951092888
1,1.0000000000000002,3,8.240380819967967,4.554825798244707,-0.15682224098465153,0.4747702441524235
1,1.0000000000000002,4,5.262771104682752,0.7040403017690944,-0.22566214963066478,0.4461800020440937
1,1.0000000000000002,5,7.415166723042784,5.842466924506959,-0.29446144028067084,0.40409461786546097
1,1.0000000000000002,6,3.3898381957676547,8.276101509920677,-0.0015156206628116886,0.49999770288872974
1,1.0000000000000002,7,3.510335733050569,4.5234049202161986,0.49997280523838417,-0.0052147887839118
1,1.0000000000000002,8,1.7977408000807376,4.1610300203044535,0.40877859513703924,0.2879237054460582
1,1.0000000000000002,9,2.2434249353059657,2.6869540457541445,0.37196996377877806,0.3341232497842892
1,1.0000000000000002,10,7.147491780405318,3.091423287195181,-0.2715627151029208,0.4198257873998808
1,1.0000000000000002,11,4.646597727887698,0.23297523204204848,-0.39190839066045113,0.31049607619088393
1,1.0000000000000002,12,9.21862073351127,7.373779000244448,-0.41220650292993843,0.28299434436446014
1,1.0000000000000002,13,5.116138979596783,2.5022549023872815,-0.49995289912809243,-0.006862845868545036
1,1.0000000000000002,14,1.60574531142165,0.17943156134097996,-0.03732096955219176,0.49860519976398604
1,1.0000000000000002,15,4.76677673905195,1.4325743247375886,-0.43217873345266417,0.25143894358521923
1,1.0000000000000002,16,6.170232343945199,8.249331050179084,-0.09205135295622043,0.4914535058567894
1,1.0000000000000002,17,6.127808511728867,9.63176868207868,-0.021182667956264317,0.4995510930608146
1,1.0000000000000002,18,0.6689615563164679,5.6809323488952,0.19086900869130738,0.462135284869266
1,1.0000000000000002,19,4.276657045309763,0.9763259585081122,-0.27091630459504157,0.4202432104205453
1,1.0000000000000002,20,6.365191788202161,8.981420149211196,-0.21303405235216397,0.45234554550522044
1,1.0000000000000002,21,5.6290562949981595,2.3642608503408207,-0.48709547781900026,-0.11286272851690163
1,1.0000000000000002,22,8.337642621889788,5.566901008031673,-0.37620508808813496,0.32934743311068726
1,1.0000000000000002,23,5.015208751384299,7.9500872039663655,-0.44149132910794664,0.23470280424932882
1,1.0000000000000002,24,1.5003260341217077,8.558248230481922,0.14115135229235432,0.4796626895496873
1,1.0000000000000002,25,6.746409457600292,8.307869148775826,-0.22964654824825725,0.44414239031830866
1,1.0000000000000002,26,1.9304906798188783,8.425857098628775,-0.16449123124315096,0.4721680154818963
1,1.0000000000000002,27,2.056955984385782,1.2475100583257965,0.09264010879892064,0.4913428642421951
1,1.0000000000000002,28,8.499577507346913,8.681381480278734,-0.49927254242207586,-0.02696160943631743
1,1.0000000000000002,29,8.82684841163144,5.148781276693051,-0.25537340374071343,0.42986558906463146
1,1.0000000000000002,30,2.7910707638607066,0.5159406254277782,-0.12919009780063287,0.4830216544113347
1,1.0000000000000002,31,6.377835565971635,7.66279965518908,-0.0890837308636455,0.4920000903408591
1,1.0000000000000002,32,7.973833392129191,3.0524889288593844,-0.23473481177580105,0.44147431198267834
1,1.0000000000000002,33,2.4962599456977954,6.587993267788429,0.1253614085972609,0.48402945905648204
1,1.0000000000000002,34,8.034752031147521,9.663272232066829,-0.48875067115468673,-0.10546459806894105
1,1.0000000000000002,35,1.9410058322255987,4.997189543204709,0.23898044806233856,0.43919055709785465
1,1.0000000000000002,36,9.061856272368347,4.652877755341464,-0.04356744607212279,0.4980982610316489
1,1.0000000000000002,37,5.689167878646961,0.6674074235131447,-0.265772753849143,0.4235148678753118
1,1.0000000000000002,38,6.697103947226542,9.648044176336256,-0.15261310286614066,0.4761399382887019
1,1.0000000000000002,39,8.250176326061869,8.870141026841146,0.3009680561340916,0.3992721242296616
1,1.0000000000000002,40,6.20097434769496,2.240310093062534,-0.4623871311636228,-0.19025809032541727
1,1.0000000000000002,41,7.247820958592771,2.1826209551795537,-0.46972877191966,0.17133266130790148
1,1.0000000000000002,42,8.129920073512176,0.7084114250290648,0.350971956327483,0.3561161129065341
1,1.0000000000000002,43,7.838633064413334,1.7655840259279894,-0.44049828457516854,0.23656132669211558
1,1.0000000000000002,44,3.9659738266002384,2.856602591839057,-0.3856931211322326,-0.31818362043209725
1,1.0000000000000002,45,6.459255617095218,1.686759507494567,-0.4721388989955823,0.16457478559985844
1,1.0000000000000002,46,3.75869152973361,0.4844465823425368,-0.33985095210990374,0.36674423015228463
1,1.0000000000000002,47,3.1112806845317738,4.198077146773489,0.4915839131269892,0.09135237465308067
1,1.0000000000000002,48,0.9565237386671953,6.586531986587202,0.41242806335529314,0.28267135078922007
1,1.0000000000000002,49,3.934479762389067,7.643383499412498,-0.14749755542007928,0.47774938110383847
1,1.0000000000000002,50,6.469079595026638,4.755737888812736,-0.05966885131714335,0.4964268608591729
1,1.0000000000000002,51,8.458436249533513,6.700869717028992,-0.3801857703227549,0.32474417630512403
1,1.0000000000000002,52,7.788613768867685,3.7485050920234007,-0.25300319699860474,0.4312648632899337
1,1.0000000000000002,53,5.018017028275975,1.8349295225389168,-0.45595160029618853,0.20520267587764243
1,1.0000000000000002,54,0.11978152713547878,2.868981331622731,0.19751560194054418,0.45933385134351296
1,1.0000000000000002,55,2.721399226446324,1.1599910848187789,0.06268680397412131,0.49605480000450564
1,1.0000000000000002,56,2.7045041901431452,8.01871188061903,-0.16810621405871612,0.4708930884976388
1,1.0000000000000002,57,6.5869848700334055,1.0968086051701322,-0.45554244114382075,0.20610939890438904
1,1.0000000000000002,58,4.241732948678966,4.134392377841931,0.49995313476292885,0.0068456585308298455
1,1.0000000000000002,59,6.631160433215829,5.04682055311668,-0.07837963109534984,0.4938184215168131
1,1.0000000000000002,60,5.773904945440459,8.857009947495447,-0.32865631448001786,0.37680900593326005
1,1.0000000000000002,61,7.126289332815284,4.087060351430801,0.0027857038637667674,0.4999922397937626
1,1.0000000000000002,62,4.656161589625546,3.3953119979915005,-0.23328188186655158,0.44224378298942796
1,1.0000000000000002,63,1.3436743539495117,2.289827794639133,0.23485381613245623,0.4414110160021184
1,1.0000000000000002,64,3.126148655561325,2.9410977142322556,0.44421979921077104,0.22949677555282175
1,1.0000000000000002,65,3.369102500647661,6.152914588694127,0.4987391909362843,0.03548548187950242
1,1.0000000000000002,66,9.324417464923638,7.887232420121567,-0.24611846603069648,0.43523062929749895
1,1.0000000000000002,67,7.636368664805214,7.931716650225438,-0.10989268777081465,0.4877741251588754
1,1.0000000000000002,68,5.931487411300657,9.639171338062383,-0.254622538720077,0.4303107746451893
1,1.0000000000000002,69,6.876854542243871,5.469978465160993,0.015779594788789753,0.49975094235859285
1,1.0000000000000002,70,1.0884580817670961,5.253928122609185,0.16824683342476243,0.47084286449147794
1,1.0000000000000002,71,2.3289938528359313,1.7678817714819561,0.33377464376381744,0.3722828053782994
1,1.0000000000000002,72,4.969586416049225,8.295146808312134,-0.40327785009918793,0.29557905138791035
1,1.0000000000000002,73,3.065982179083884,8.062734716836182,-0.10071734737912201,0.4897509733904704
1,1.0000000000000002,74,4.8088330237098305,1.626459220059179,-0.49904037210948443,-0.030962994119227476
1,1.0000000000000002,75,9.80243351878561,4.442075839873184,0.16412956517932223,0.47229385538459695
1,1.0000000000000002,76,3.0462795528764994,8.860655840283165,0.034414395143543594,0.4988142433881615
1,1.0000000000000002,77,1.0855677009750644,7.609267486271884,0.2236932553142109,0.4471703562703271
1,1.0000000000000002,78,2.3604389936893546,3.961887574804684,0.4938475203973484,0.07819607789007398
1,1.0000000000000002,79,2.4282939950109195,8.800217099037507,-0.08538140160403301,0.49265608314536297
1,1.0000000000000002,80,3.740887440067678,0.14027561466936914,-0.38668718271153046,0.31697479825156366
1,1.0000000000000002,81,6.229100022553727,7.419108763275807,0.010998742330201025,0.49987901302930676
1,1.0000000000000002,82,5.027976563263835,2.7685003281971303,-0.4963410035764612,0.06037887187345645
1,1.0000000000000002,83,3.8017480607369682,9.858391199644888,-0.190643914480018,0.46222818809732447
1,1.0000000000000002,84,2.0400839523444523,0.35319258743773013,0.1433886958515286,0.47899862411284416
1,1.0000000000000002,85,7.384031721468775,4.032189922440048,-0.042071886034162516,0.4982268122105919
1,1.0000000000000002,86,6.348892535051311,4.226496548393152,-0.10228537609579706,0.4894258900353979
1,1.0000000000000002,87,4.288490922184025,4.995807444952365,0.47800377832843066,-0.14667101930423906
1,1.0000000000000002,88,0.4279483296422406,5.331933744324303,0.08682230414869434,0.49240419119084644
1,1.0000000000000002,89,9.841385668456873,3.278402994921705,0.28359127273291673,0.4117960539268492
1,1.0000000000000002,90,7.414069947934978,4.901991640810774,-0.16657639250290646,0.4714364278041289
1,1.0000000000000002,91,2.148512384049838,9.525470772647584,-0.07835771755571375,0.49382189916958824
1,1.0000000000000002,92,0.2825947834520349,3.4755293956932687,0.18269566111883576,0.46542700330809295
1,1.0000000000000002,93,0.14241925479579784,3.0259966750634026,0.2983634304765293,0.40122221194031277
1,1.0000000000000002,94,8.308803398526171,6.490694097452338,-0.37667871815144005,0.32880563147821545
1,1.0000000000000002,95,7.824083054845453,6.729143632448666,-0.38136626155167697,0.3233570388132874
1,1.0000000000000002,96,3.7795211344310875,8.007105956423063,-0.2135741916881154,0.45209077036007733
1,1.0000000000000002,97,0.5129843370348046,4.883221640567681,0.3444041871446967,0.3624717311421688
1,1.0000000000000002,98,4.193138006415557,4.7312946605842185,0.4844246856144908,-0.12382537691160792
1,1.0000000000000002,99,1.498281290562687,2.43521823413852,0.08240234555566917,0.4931631103873485
1,1.0000000000000002,100,5.57062472270561,4.065429526952545,-0.003176438179380432,0.49998991013868727
1,1.0000000000000002,101,7.758060279375402,6.494330718075526,-0.26986940832779144,0.42091626536498655
1,1.0000000000000002,102,8.291419020738594,7.611200235889133,-0.29530051362028065,0.40348185418380145
1,1.0000000000000002,103,5.710635579105289,2.589380454006447,-0.4730180580995627,0.16203060424413243
1,1.0000000000000002,104,7.431299095926395,2.675489635627443,-0.2586770036286455,0.42788574151717856
1,1.0000000000000002,105,0.7422136883546492,0.10108626948048845,0.17528176540120788,0.468269476602774
1,1.0000000000000002,106,5.283466196219478,8.194977452550217,-0.33680188715520526,0.3695463283658659
1,1.0000000000000002,107,4.959893857983498,5.848231139870497,0.17378189981272174,-0.4688281681996946
1,1.0000000000000002,108,0.5605556300382522,2.254749343835602,0.32531729273154275,0.37969548199816616
1,1.0000000000000002,109,6.696949027220732,6.183055117860856,-0.34858400794818883,0.35845388741479295
1,1.0000000000000002,110,1.5929064373384159,0.004051997471142599,-0.015815521369009003,0.4997498066871326
1,1.0000000000000002,111,1.9365512828245917,5.345227484099401,0.29180608324055496,0.4060162678807418
1,1.0000000000000002,112,1.2537311027255074,7.4072783940565365,-0.07684889243735983,0.49405895167596253
1,1.0000000000000002,113,2.9561891835071235,1.736617428110037,0.31472484085584235,0.38852062306686463
1,1.0000000000000002,114,0.690267573424715,2.072854437077451,0.11720354133133265,0.4860692645080478
1,1.0000000000000002,115,2.3699396132415766,5.517177387008043,0.45356134771905776,0.21043313392921756
1,1.0000000000000002,116,4.323868134028377,9.990598307393926,-0.39566028622471794,0.3057007325875656
1,1.0000000000000002,117,9.16494080417847,8.103786591061032,-0.07754579932609512,0.4939500470765004
1,1.0000000000000002,118,6.648968212227169,8.922978333188578,-0.17868990624504272,0.466979568510377
1,1.0000000000000002,119,9.647859298409388,0.6152025705208467,0.08901342296398698,0.4920128154146337
2,2.000000000000001,0,4.61463768975966,0.3073461108484376,-0.23184296346488753,0.44299981974242253
2,2.000000000000001,1,1.5573990770131385,0.44642740270937875,0.07035543066446374,0.495025366396529
2,2.000000000000001,2,4.06353318104866,4.152507760614237,0.34676857660876576,0.3602104305496033
2,2.000000000000001,3,8.272335555804247,5.038403969359124,0.22561716603719453,0.4462027503157561
2,2.000000000000001,4,4.899267489343704,1.0342161575594606,-0.33756719897121956,0.36884737518210026
2,2.000000000000001,5,7.3572441876468835,6.309239152772269,0.2265080831007689,0.44575115063229526
2,2.000000000000001,6,3.343855904455482,8.751198922377007,-0.2978410199206236,0.4016101677655119
2,2.000000000000001,7,3.977474684686192,4.4661410600787015,0.4249587403080269,0.26345790752189424
2,2.000000000000001,8,2.141965793318624,4.49430500168805,0.4333987465870039,0.24933015553040105
2,2.000000000000001,9,2.3672596508934887,3.150097871979501,-0.08398819204898837,0.49289550981556146
2,2.000000000000001,10,7.232475855259021,3.5663108231963028,0.24842651688448383,0.43391734893714873
2,2.000000000000001,11,4.354796704808393,0.6170045591709478,-0.11208321046210062,0.4872754394923968
2,2.000000000000001,12,8.992170396828767,7.804313583750201,-0.3267292366857077,0.37848118301280825
2,2.000000000000001,13,4.670544324544085,2.6235657138045183,-0.36591202295218195,0.34074681430505244
2,2.000000000000001,14,1.7003642984861262,0.6545854846614214,0.07842952074247926,0.49381050037044066
2,2.000000000000001,15,4.354436345421197,1.6968095193051138,-0.2934465270483547,0.4048322316259653
2,2.000000000000001,16,5.979812300087893,8.697748483572285,-0.24654130042548927,0.43499124954935436
2,2.000000000000001,17,5.948462084157141,0.08545270636676712,-0.3873987381052569,0.31610475750050737
2,2.000000000000001,18,0.8323039509176398,6.128402778182275,0.3348295950820922,0.3713342729363425
2,2.000000000000001,19,3.950657537505156,1.340290178125652,-0.3503152409793169,0.3567621503713687
2,2.000000000000001,20,6.171025371361946,9.433523530446037,-0.3441420816507574,0.36272059169157106
2,2.000000000000001,21,5.178404097573279,2.4957393620652613,-0.21005679001274777,0.45373576558338485
2,2.000000000000001,22,8.26502860411613,6.020404969267839,-0.03409879973473791,0.4988359167668766
2,2.000000000000001,23,4.819817175552889,8.381488158310788,-0.4138599338076931,0.2805707668106069
2,2.000000000000001,24,1.4412708750727263,9.032391121818339,-0.3638108684514543,0.342989288457524
2,2.000000000000001,25,6.5207948263353295,8.742769372436824,-0.3198351903963822,0.38432466871658133
2,2.000000000000001,26,1.8512351133845693,8.89871798804635,-0.2963302265998592,0.4027262057568095
2,2.000000000000001,27,2.097845026938033,1.7332531616805413,-0.08132987259166606,0.49334111102179934
2,2.000000000000001,28,8.278216295366526,9.069790054983887,-0.32536990459504167,0.37965039863513056
2,2.000000000000001,29,8.795707192799828,5.628511293711406,0.2889201146571596,0.4080749530986847
2,2.000000000000001,30,2.7201637458166297,0.9936209223038044,-0.04131249404204814,0.49829035494982815
2,2.000000000000001,31,6.242049653670947,8.125833375735224,0.01805616070708871,0.49967386869889424
2,2.000000000000001,32,8.043017488920908,3.516319158783105,0.14698463264316203,0.4779074364003501
2,2.000000000000001,33,2.8317222819552654,6.8754307159656465,0.09865079936273427,0.4901714187762211
2,2.000000000000001,34,7.849578614791951,9.993477222678488,0.06395192229892024,0.49589328653882064
2,2.000000000000001,35,2.202223490371721,5.408890166538925,0.38107374931082405,0.3237017108175229
2,2.000000000000001,36,9.059422790253025,5.136419971133989,0.13102570943404498,0.48252695620794617
2,2.000000000000001,37,5.327300672824851,0.9844704934078434,-0.35011972036455835,0.3569540326314349
2,2.000000000000001,38,6.506761725203669,0.08936788500096307,-0.2789885032235433,0.41492820471629427
2,2.000000000000001,39,8.032435071611909,9.22326999400428,-0.1717515047871796,0.46957578792282234
2,2.000000000000001,40,5.745775364079137,2.4125895803683126,-0.3599563486305524,0.34703231417342134
2,2.000000000000001,41,7.273931585614865,2.634966300214579,0.28852428093125326,0.4083549183162893
2,2.000000000000001,42,8.279968499056523,1.1722564792282812,0.17756081226116355,0.46741005332486785
2,2.000000000000001,43,7.878374688770415,2.219066449074539,0.2502766952417445,0.43285283390416995
2,2.000000000000001,44,3.8677665704717787,3.2058019948293497,0.0398387224612032,0.49841034920300287
2,2.000000000000001,45,6.073867713002872,1.9702663881699796,-0.33483244532863965,0.3713317028685317
2,2.000000000000001,46,3.5023107010562486,0.900588777910493,-0.36719794792843896,0.33936067396966235
2,2.000000000000001,47,3.5890136809179176,4.232906364421197,0.4470255816113618,0.22398243097400222
2,2.000000000000001,48,1.1896180978312867,6.967333480623236,0.20617661882688726,0.45551202162963
2,2.000000000000001,49,3.829169457510078,8.119050555869798,-0.21949344587932457,0.44924673311669167
2,2.000000000000001,50,6.455986535807882,5.22904121378906,0.20855839116570243,0.4544264489159646
2,2.000000000000001,51,8.287946962151578,7.154973602649425,-0.180631984237254,0.46623179457273445
2,2.000000000000001,52,7.8438971285641745,4.230199146255377,0.281343528315992,0.41333499618917896
2,2.000000000000001,53,4.571764524238242,2.0048313315063973,-0.14375495530363247,0.4788888313853755
2,2.000000000000001,54,0.22361055198786622,3.3303971795433647,-0.008239711282528143,0.4999321025479166
2,2.000000000000001,55,2.7495217614206515,1.645314446273911,-0.04530288881270037,0.4979434187387399
2,2.000000000000001,56,2.626018217101531,8.494177088237018,-0.24799341960659949,0.43416501912501554
2,2.000000000000001,57,6.218674596667298,1.3849333375019717,-0.4999935615291551,-0.002537406035895321
2,2.000000000000001,58,4.697899711238427,4.047971938168555,0.4386676369635865,0.2399389594892481
2,2.000000000000001,59,6.614827156613392,5.526385089928095,0.05708824388575682,0.4967302410866892
2,2.000000000000001,60,5.5913010488863675,9.303501314344986,-0.3483844972339645,0.35864779671292807
2,2.000000000000001,61,7.157414673439403,4.569899194889085,0.24200585496031435,0.4375307602499821
2,2.000000000000001,62,4.562025776013341,3.5864219715549996,0.033715268022906565,0.4988619856254268
2,2.000000000000001,63,1.5167150769015925,2.741982625656659,0.21062587497215277,0.45347187431219493
2,2.000000000000001,64,3.149892516778995,3.3558607203535047,0.22960069429956265,0.4441660963841778
2,2.000000000000001,65,3.7412562950674118,6.422111495556194,0.3553051125447068,0.35179294620499885
2,2.000000000000001,66,9.10043501565467,8.31364071140036,-0.3872833108623065,0.31624616539577205
2,2.000000000000001,67,7.422500128073983,8.359833520681425,-0.031553953150098894,0.4990033547388248
2,2.000000000000001,68,5.747675360756,0.08927178902875867,-0.29777817033203335,0.40165677048159726
2,2.000000000000001,69,6.845156658507714,5.943906412202059,-0.014362985476070945,0.499793662072874
2,2.000000000000001,70,1.2555173404031026,5.70555329495069,0.24481912017042234,0.4359628406171566
2,2.000000000000001,71,2.4282020297963878,2.243352194453047,0.2048371973737707,0.4561159091415897
2,2.000000000000001,72,4.790924421155385,8.735517643204014,-0.3453276474415094,0.3615920573139191
2,2.000000000000001,73,2.973573311300945,8.53346603992243,-0.2642756551627184,0.42445067803964687
2,2.000000000000001,74,4.389795333213329,1.8559639428157053,-0.4318050883339795,0.2520800779293836
2,2.000000000000001,75,9.906368140421751,4.914211675755514,0.2269756679403039,0.44551323904352486
2,2.000000000000001,76,2.9599011475111547,9.33701984972698,-0.10876788732027899,0.4880261741831918
2,2.000000000000001,77,1.3388291178971508,7.94229319717499,0.25048978930599747,0.43272955232273774
2,2.000000000000001,78,2.749122813292722,4.23050951035613,0.15144223944991872,0.47651363895527005
2,2.000000000000001,79,2.373542562853526,9.281505329926018,-0.03930259656611539,0.4984529124231909
2,2.000000000000001,80,3.5100634261772297,0.5621628077144042,-0.12119902000486027,0.4850884430182413
2,2.000000000000001,81,6.088204214824292,7.881525202767188,-0.253826767918605,0.4307806540317179
2,2.000000000000001,82,4.614740249661764,2.9346961428367213,-0.25968160521396194,0.4272768001114734
2,2.000000000000001,83,3.531265464846611,0.2582910059396544,-0.18689160917672268,0.46375804728256215
2,2.000000000000001,84,2.1360309393788826,0.8355244614945371,0.009164092265956606,0.49991601235901717
2,2.000000000000001,85,7.412330118234996,4.518586361454669,-0.040984297716616075,0.49831745638766833
2,2.000000000000001,86,6.37916360750574,4.69952027100682,0.0867036912038835,0.49242509068042173
2,2.000000000000001,87,4.73163567279497,4.895246949141384,0.4141584992750028,0.2801298582412762
2,2.000000000000001,88,0.5627663541454361,5.790404716844951,0.3408428609805387,0.3658225582418356
2,2.000000000000001,89,9.968350138866324,3.733415138715104,-0.003961181205392375,0.4999843087972442
2,2.000000000000001,90,7.421412164519061,5.384312192715548,0.21719264169376584,0.45036358244654223
2,2.000000000000001,91,2.2130806936711513,0.008731149085068779,-0.043331562923484016,0.4981188368799238
2,2.000000000000001,92,0.3899580898684531,3.9436990650804074,-0.03890251662839795,0.4984842968439198
2,2.000000000000001,93,0.25775759656256614,3.4881428969767474,-0.1615178621835025,0.4731933856212184
2,2.000000000000001,94,8.18407906682211,6.937879301247766,0.17169661381369902,0.469595861145421
2,2.000000000000001,95,7.689634952397348,7.19391462685233,-0.14565567936684248,0.47831414684094753
2,2.000000000000001,96,3.682474889717011,8.48107309909831,-0.19577925899809295,0.46007660421516505
2,2.000000000000001,97,0.692850583879397,5.3222571111374455,0.3653678564305088,0.341330235237629
2,2.000000000000001,98,4.659536876536515,4.649108636918497,0.47541864182947197,0.15484545521590312
2,2.000000000000001,99,1.6250871841556418,2.9015051776996055,-0.024263291683473038,0.49941094569170463
2,2.000000000000001,100,5.622838300395605,4.4974376123444,0.41110116888421616,0.2845976615189085
2,2.000000000000001,101,7.632248434510072,6.9431989799841904,0.1300153941216999,0.48280016289493843
2,2.000000000000001,102,8.119604351177612,8.07291294697602,-0.08488754480699287,0.49274141771992414
2,2.000000000000001,103,5.261768767762231,2.693094960845302,-0.13780232846463414,0.4806355357958097
2,2.000000000000001,104,7.442215110987332,3.1401922466374885,0.16212907104737187,0.472984317204404
2,2.000000000000001,105,0.8424905551983318,0.578020765453422,0.3314917161755076,0.3743170342196795
2,2.000000000000001,106,5.109591684690894,8.64663026186744,-0.14499084925843383,0.47851609547779905
2,2.000000000000001,107,5.3032255069517715,5.655620301573346,0.421356596106789,-0.26918138664718305
2,2.000000000000001,108,0.6798231858593826,2.728986007435199,-0.09666277797386394,0.4905673321312534
2,2.000000000000001,109,6.625557527732984,6.657513717635551,-0.09702425259972346,0.49049596777900734
2,2.000000000000001,110,1.6926301632022558,0.47938098995828443,0.029804117685584303,0.4991109241130511
2,2.000000000000001,111,2.1791916412926335,5.762149758017508,0.29492141616621903,0.4037590349286463
2,2.000000000000001,112,1.5074989306575641,7.740162892592937,0.21683020806408515,0.45053819024682634
2,2.000000000000001,113,3.011780530904947,2.2148109128630926,0.04152486482251953,0.49827270204324003
2,2.000000000000001,114,0.8542750162043574,2.5261283879783023,-0.048391114428146205,0.4976527906526819
2,2.000000000000001,115,2.6394161388646524,5.9238803143358085,0.30311992105400354,0.3976409353426967
2,2.000000000000001,116,4.047950577697594,0.3915277568350143,-0.13934249125008563,0.48019128493988705
2,2.000000000000001,117,8.939345340496969,8.527875566795256,-0.07522842049898322,0.4943082891771371
2,2.000000000000001,118,6.472182876251963,9.380512742159615,-0.1381872572332901,0.48052500656921127
2,2.000000000000001,119,9.93449251151849,0.9774771965024321,0.4828011251051408,0.13001182099028613
3,2.9999999999999973,0,4.461979509458933,0.7630764483639852,-0.0031953600498147118,0.49998978956989915
3,2.9999999999999973,1,1.4665220813827824,0.9164283413547117,-0.04971461789251886,0.497522317859009
3,2.9999999999999973,2,4.281783876920989,4.579124742154664,0.02014597230869669,0.49959397494339064
3,2.9999999999999973,3,8.521427213498601,5.456872883311828,0.1329839613215438,0.4819909397812683
3,2.9999999999999973,4,4.783142910615907,1.494202400639189,-0.048571481770401936,0.49763521896930435
3,2.9999999999999973,5,7.570916202370537,6.738530912672565,0.09949919652548454,0.48999990805181076
3,2.9999999999999973,6,3.025581003046562,9.113569830609555,-0.29317770299831697,0.40502695523215565
3,2.9999999999999973,7,4.2251075419327995,4.872049042764044,0.19744776688684354,0.4593630147839492
3,2.9999999999999973,8,2.471733572219543,4.843363722602808,0.40043455908086373,0.2994197119324548
3,2.9999999999999973,9,2.3820839740589745,3.628399275577037,0.027789780878872704,0.49922713075182945
3,2.9999999999999973,10,7.389476856852721,4.025865957039422,0.30171836983050654,0.39870543676606873
3,2.9999999999999973,11,4.205179597444044,1.0857433875443352,-0.15329647613366965,0.4759203614103932
3,2.9999999999999973,12,8.948460755593521,8.28669212394464,0.05179599749533866,0.4973099382110344
3,2.9999999999999973,13,4.633401228210738,3.1015390214381804,0.06102998938151039,0.49626136298939566
3,2.9999999999999973,14,1.5711681922109408,1.1180956300786928,-0.009902054963912216,0.4999019396916676
3,2.9999999999999973,15,4.261142635586764,2.1492081224717423,0.05499682488015779,0.4969661449767995
3,2.9999999999999973,16,5.73310585714441,9.127047246623782,-0.20807251036301383,0.4546491289238697
3,2.9999999999999973,17,5.644620789893338,0.4619539207669162,-0.3761587172821397,0.32940039376517954
3,2.9999999999999973,18,1.1772549190024746,6.473985893198908,0.35395118768841694,0.3531551454162307
3,2.9999999999999973,19,3.8820815062861893,1.8133345720582548,-0.06217708704055663,0.4961189472769117
3,2.9999999999999973,20,5.830736558410264,9.791848689747598,-0.27722401820731074,0.4161091728488963
3,2.9999999999999973,21,5.118907067093184,2.9623167120323464,-0.04998005054924743,0.49749572314452584
3,2.9999999999999973,22,8.491979799447039,6.4558776715713355,0.20028966240180232,0.4581310414444452
3,2.9999999999999973,23,4.459301090250591,8.701833248701735,-0.338077743064535,0.3683794777731114
3,2.9999999999999973,24,1.1618291683784103,9.417729401358342,-0.4117635433562297,0.2836384747574318
3,2.9999999999999973,25,6.2518301174867865,9.14983641287138,-0.378209444865794,0.3270437521407616
3,2.9999999999999973,26,1.5881716739328329,9.288817047256593,-0.13854950010786954,0.48042068650283937
3,2.9999999999999973,27,2.0376907279885708,2.211969708432623,-0.17974833065635643,0.4665731857128667
3,2.9999999999999973,28,8.100657157043432,9.518494457962017,-0.11934876450974571,0.4855469827009506
3,2.9999999999999973,29,9.07027172385716,6.032820365508085,0.1930638560060021,0.46122266586118005
3,2.9999999999999973,30,2.6417220730960116,1.4695423782469192,0.0819992891802809,0.49323028756751003
3,2.9999999999999973,31,6.0158924602909,8.552738186273416,-0.4091405106728657,0.28740919005200005
3,2.9999999999999973,32,8.192651515791031,3.981106856306763,-0.03959648228958607,0.49842965259933175
3,2.9999999999999973,33,3.2162579932799646,7.142789668242193,0.49970607773638004,-0.01714164150024459
3,2.9999999999999973,34,7.661540714505569,0.4226753898535028,0.08983965939515655,0.4918626186241056
3,2.9999999999999973,35,2.594187259326313,5.703878665753456,0.43263350207227247,0.25065564602593926
3,2.9999999999999973,36,9.33105538024187,5.542423340980851,0.3204558143072952,0.3838073358817525
3,2.9999999999999973,37,5.169861396977437,1.444028127616675,-0.06769073048209669,0.49539677532943244
3,2.9999999999999973,38,6.226442553346419,0.4836616476121116,-0.29798910018662395,0.40150030656273006
3,2.9999999999999973,39,7.826957399739139,9.657156147209617,-0.1758419852662948,0.46805939389954365
3,2.9999999999999973,40,5.6615267475420055,2.869890255156613,0.2596818828187691,0.4272766313943452
3,2.9999999999999973,41,7.432590754768651,3.093501377648873,0.182472643611894,0.4655144834839049
3,2.9999999999999973,42,8.599758226216863,1.5325647259087303,0.23970170049448697,0.4387973276810733
3,2.9999999999999973,43,8.052786680769191,2.666921967563874,0.3653199107142628,0.3413815502274883
3,2.9999999999999973,44,3.9651125719818037,3.6832736762522242,0.25262428926390346,0.4314869273499577
3,2.9999999999999973,45,5.968302657212575,2.3922925645728017,0.23655093543040556,0.44050386484910675
3,2.9999999999999973,46,3.355246388942981,1.366222906904655,-0.17484059933220777,0.4684343762205699
3,2.9999999999999973,47,3.778863425942005,4.66206839715163,0.12880631329085018,0.4831241389709474
3,2.9999999999999973,48,1.4779025675846846,7.340880852537661,0.09752221799160683,0.4903972032934094
3,2.9999999999999973,49,3.5204106349507005,8.491548540169946,-0.3981790143783446,0.3024127518949723
3,2.9999999999999973,50,6.7113190955073705,5.641421837630099,0.09053161201901763,0.49173572905091817
3,2.9999999999999973,51,8.31231321659377,7.645616572289835,-0.03236580741663463,0.4989513548536263
3,2.9999999999999973,52,8.082204691815544,4.656594542068622,0.11943669649254997,0.4855253603375899
3,2.9999999999999973,53,4.494773916765197,2.4628480609767,0.2593965341155661,0.4274499246564818
3,2.9999999999999973,54,0.1888896442718343,3.8110138334377197,0.046208305210953635,0.4978602138447411
3,2.9999999999999973,55,2.67266707088912,2.1278401341406985,0.12447009675734287,0.4842594294520424
3,2.9999999999999973,56,2.3262210345394085,8.875620617182385,-0.22977403493559395,0.44407644935237944
3,2.9999999999999973,57,6.1415871036832,1.832247978957663,0.11629281428475415,0.48628796134156116
3,2.9999999999999973,58,4.948281281221372,4.462376478924499,0.2649681469694845,0.4240187272887339
3,2.9999999999999973,59,6.851229351644134,5.946934689396506,0.174415395984038,0.46859286128123123
3,2.9999999999999973,60,5.277612012651636,9.673750814926361,-0.4393396191383794,0.2387063029233701
3,2.9999999999999973,61,7.3976033449243355,4.988793854387839,0.20063243675903372,0.4579810316160838
3,2.9999999999999973,62,4.692290498694545,4.055516856239318,0.18171810899100843,0.465809541405854
3,2.9999999999999973,63,1.533015616580204,3.2273951311405953,0.19435493278013224,0.4606801060432611
3,2.9999999999999973,64,3.216821585073058,3.831813685495132,0.09914897331834294,0.4900708939428239
3,2.9999999999999973,65,4.136498556537918,6.615212749463272,0.4814111495640175,0.13506777956067523
3,2.9999999999999973,66,9.017836006465455,8.794248731679815,-0.2274972240696113,0.44524713703809604
3,2.9999999999999973,67,7.25568576599449,8.803757406197521,-0.28603604371978936,0.41010167238519124
3,2.9999999999999973,68,5.464328471344792,0.48706213557864003,-0.4163937387272162,0.2767964131790202
3,2.9999999999999973,69,7.134090289702063,6.322838943455506,0.3765822126205592,0.3289161551791034
3,2.9999999999999973,70,1.6238568268899012,6.024372281390691,0.39509409300467063,0.30643214203607405
3,2.9999999999999973,71,2.366348139541261,2.726315463093849,-0.13445473052989546,0.48158272958873144
3,2.9999999999999973,72,4.447382619711989,9.08345571836013,-0.33559705912970705,0.37064081521534015
3,2.9999999999999973,73,2.652742402058526,8.900531368799564,-0.3701923425216049,0.3360916981098563
3,2.9999999999999973,74,4.282795648824724,2.314920185970969,-0.08777641438753765,0.49223500594458663
3,2.9999999999999973,75,0.19442446151393988,5.306415597781221,0.3833351401094561,0.3210205139196927
3,2.9999999999999973,76,2.6371099001694196,9.708599066925062,-0.3535309921499438,0.3535757876176993
3,2.9999999999999973,77,1.4512844414610508,8.346234882791585,-0.2109405023576321,0.45332560534908
3,2.9999999999999973,78,2.9405076663139678,4.660193536704094,0.14731867532153417,0.47780457082525735
3,2.9999999999999973,79,2.1181387808107117,9.687650308379881,-0.14279590408546058,0.47917567736313155
3,2.9999999999999973,80,3.438575928672522,1.0408924443313665,-0.17575377724176286,0.4680925226760761
3,2.9999999999999973,81,5.853385007270409,8.303268825437405,-0.31571427441123157,0.38771703203881763
3,2.9999999999999973,82,4.594425265768,3.410234629513607,0.17787708948894118,0.46728978272046906
3,2.9999999999999973,83,3.436473030323495,0.7337941207108926,-0.011698341595314502,0.4998631300705418
3,2.9999999999999973,84,2.0239056107864464,1.30868854986033,-0.20935046528993576,0.4540620912197883
3,2.9999999999999973,85,7.632232710541348,4.951351399204142,0.12535106520200565,0.48403213783045695
3,2.9999999999999973,86,6.6328872571129915,5.112982815852108,0.17886834332475166,0.4669112504066043
3,2.9999999999999973,87,5.064796297039635,5.2403750856114,0.3825590002304343,0.3219450439790782
3,2.9999999999999973,88,0.9233386892325793,6.118938174108815,0.3897007383252175,0.3132624052592018
3,2.9999999999999973,89,9.931112464136735,4.195048648823372,-0.001098876101365065,0.49999879246985574
3,2.9999999999999973,90,7.668548426995303,5.796675281321989,0.1841379165226444,0.46485828775950594
3,2.9999999999999973,91,2.018752324793778,0.45661693212853344,-0.30020751452822275,0.39984427996507205
3,2.9999999999999973,92,0.41673422508004576,4.403828513940969,0.005889893938693176,0.4999653079458523
3,2.9999999999999973,93,0.23295385231484522,3.966264279995145,-0.009776392998791,0.49990441300305916
3,2.9999999999999973,94,8.31231344682479,7.402711390984401,0.22557517738055521,0.44622397890491167
3,2.9999999999999973,95,7.800273601587477,7.671858270927502,0.14287019040216853,0.4791535335301704
3,2.9999999999999973,96,3.3706980409769782,8.856130080693038,-0.35612038832152876,0.3509676181953594
3,2.9999999999999973,97,1.0552946812994184,5.649827711021345,0.43815038975805615,0.24088220348307887
3,2.9999999999999973,98,4.9780670146743216,5.010348772005662,0.337509531184089,0.36890014415813993
3,2.9999999999999973,99,1.6601002385457087,3.3771694661111296,0.23210848733161749,0.4428607570203398
3,2.9999999999999973,100,5.935151809635868,4.858023122794994,0.2734924992252193,0.4185712040591701
3,2.9999999999999973,101,7.775127432995683,7.403570869805413,0.3466059253998952,0.36036694143287096
3,2.9999999999999973,102,8.018306832239672,8.55271478491251,-0.05520439509711053,0.4969431303096584
3,2.9999999999999973,103,5.180203902255017,3.1604514960895536,0.04678188759840246,0.4978066441829905
3,2.9999999999999973,104,7.5861482310474,3.6049938558158825,0.14717933739506403,0.4778475098229035
3,2.9999999999999973,105,0.7768313534577536,1.0459608022336826,0.04012651743340729,0.4983872616737575
3,2.9999999999999973,106,4.7947366955907835,9.021431925370985,-0.37554164791135297,0.3301037271586394
3,2.9999999999999973,107,5.649262389883183,5.96771254609202,0.3202280743886097,0.383997370268812
3,2.9999999999999973,108,0.7039540671699489,3.2139293504280984,0.13060310444579543,0.4826415120035995
3,2.9999999999999973,109,6.882876516700571,7.063223282927638,0.41173898269819087,0.2836741266429826
3,2.9999999999999973,110,1.5423325610596026,0.9427625680965072,0.03040837558430006,0.4990744740961254
3,2.9999999999999973,111,2.555213109654928,6.039090319811196,0.4848800835032794,0.12202993330266469
3,2.9999999999999973,112,1.712114612773689,8.159074377588764,-0.012683378280582695,0.4998391060285216
3,2.9999999999999973,113,2.950910697703758,2.696349283187269,0.04482462531162575,0.4979866995871199
3,2.9999999999999973,114,0.9128866069353844,3.0042986770169042,0.25969224392916795,0.4272703341481053
3,2.9999999999999973,115,3.00548523429744,6.220223432922706,0.4786447213494858,0.14456566232779158
3,2.9999999999999973,116,3.9471688861483125,0.8658879109958494,0.1102717862148707,0.4876885616507546
3,2.9999999999999973,117,8.80624424707645,8.997473795560744,-0.16655549737044834,0.47144381032704474
3,2.9999999999999973,118,6.174499267255632,9.765847191967438,-0.293335838391494,0.40491244228247586
3,2.9999999999999973,119,9.87007286540372,1.4177677062721223,-0.2570730569389607,0.42885130686061557
4,3.999999999999994,0,4.323434543782519,1.2279871296553928,-0.13292514812406658,0.4820071628059016
4,3.999999999999994,1,1.2633195011111324,1.357737345859161,-0.2922269414597201,0.4057134637710429
4,3.999999999999994,2,4.532538744919334,4.997365887675725,0.31227552344738385,0.3904919940993188
4,3.999999999999994,3,8.813089994343482,5.845342045860006,0.12245745852838565,0.48477228762664304
4,3.999999999999994,4,4.831226034700282,1.980998341913051,0.01604425659869471,0.4997425155319439
4,3.999999999999994,5,7.74381927024027,7.195534641275385,0.27503485175255693,0.4175593734086795
4,3.999999999999994,6,2.7237912146899625,9.491089144895454,-0.2616736154435997,0.4260597598702266
4,3.999999999999994,7,4.445195292614743,5.3097569328361445,0.31318101939371396,0.38976614667196813
4,3.999999999999994,8,2.792436126831528,5.208663791314974,0.2767271578256566,0.41643976769964486
4,3.999999999999994,9,2.343610081914498,4.108801136309097,-0.10606062592048254,0.48862167740426277
4,3.999999999999994,10,7.624897543883587,4.451359304742068,0.37698094833707757,0.328459075975802
4,3.999999999999994,11,4.173983393274093,1.5728474746444603,-0.1740739396545093,0.4687198134633933
4,3.999999999999994,12,9.009385041874056,8.769626718722082,-0.0280885402400903,0.4992104104555321
4,3.999999999999994,13,4.811674828980558,3.5525149645782625,0.28328921908216825,0.4120039057482529
4,3.999999999999994,14,1.3890003221023204,1.5702715153091786,-0.2997413163099506,0.40019388213312074
4,3.999999999999994,15,4.287934640945524,2.6318914057446916,-0.02863379710297793,0.49917943233216805
4,3.999999999999994,16,5.28031992410366,9.29478583229025,-0.3715911194411659,0.33454452611343244
4,3.999999999999994,17,5.2266074957078725,0.7126491125935189,-0.3652764496231872,0.34142805296384066
4,3.999999999999994,18,1.4594149815608937,6.8676654302218605,0.20596029193011509,0.45560987494572786
4,3.999999999999994,19,3.9423334723032255,2.296151380316135,0.031006023671821474,0.4990377004756879
4,3.999999999999994,20,5.390588330166929,9.999110255579934,-0.3931368571330444,0.30893917130003473
4,3.999999999999994,21,5.278493946740355,3.4212410406156413,0.0124244907822829,0.4998456081919706
4,3.999999999999994,22,8.797193188066732,6.8292688449992625,0.21630536597724262,0.45079040434491413
4,3.999999999999994,23,4.089075840329348,9.011493916689213,-0.2516911083159366,0.43203192705481325
4,3.999999999999994,24,0.8999269050760814,9.82473107865148,-0.0485290939699474,0.4976393543907636
4,3.999999999999994,25,5.785759098511458,9.298767303493856,-0.4233039135041538,0.2661086184475578
4,3.999999999999994,26,1.370232673455062,9.731799250792971,-0.19337015699230586,0.46109433133012057
4,3.999999999999994,27,1.849110819414404,2.6602730676316053,-0.3102042362938441,0.3921394290113568
4,3.999999999999994,28,8.16608663077086,9.99513879857428,-0.0019730682262056425,0.4999961069866192
4,3.999999999999994,29,9.36819140460632,6.420513543578012,0.16868348664883492,0.4706866062806465
4,3.999999999999994,30,2.464315215139049,1.9193159848224528,-0.3168763022241694,0.38676790079935136
4,3.999999999999994,31,5.557909764615178,8.718151593355305,-0.49974956722950614,0.01582308610610867
4,3.999999999999994,32,8.427188518167972,4.410218344772821,0.24985352334113706,0.4330972372043256
4,3.999999999999994,33,3.646546301337343,7.295644958649104,0.3324760350895952,0.37344301585530054
4,3.999999999999994,34,7.730738458599625,0.8702925069042216,0.19373686554350641,0.46094037242291686
4,3.999999999999994,35,2.9432090228152097,6.024044300035557,0.1837134141810638,0.4650262158738332
4,3.999999999999994,36,9.620257112714741,5.928965377636902,0.3603506587005488,0.34662285379657326
4,3.999999999999994,37,5.231518950156977,1.9184141589939971,0.04206805614970903,0.4982271356036169
4,3.999999999999994,38,5.811021651477986,0.7323819662653553,-0.4442569489397129,0.2294248533153662
4,3.999999999999994,39,7.89247163627612,0.11696898089931898,0.26595458311262743,0.4234007082202255
4,3.999999999999994,40,5.862577595102519,3.3163532731018117,0.27577688015477775,0.41706967328265115
4,3.999999999999994,41,7.657182260383206,3.516208511990572,0.1015600740038213,0.48957691057518055
4,3.999999999999994,42,8.597218925460943,1.9958664541165005,0.13622635566753627,0.481084587179367
4,3.999999999999994,43,8.283264406538557,3.0773129698318447,0.4190985156895696,0.2726837621619585
4,3.999999999999994,44,4.143903604503457,4.134433950752228,0.17263104236095886,0.4692531547186111
4,3.999999999999994,45,6.1691883304453015,2.813702259989249,0.1153273467153274,0.4865178343078521
4,3.999999999999994,46,3.289101136465325,1.8541294848128562,-0.17323200829180446,0.4690316314527072
4,3.999999999999994,47,4.0240600774213116,5.079942340247191,0.3115283338003059,0.39108834965977335
4,3.999999999999994,48,1.625548223630788,7.802612303199495,0.24062321161493666,0.4382926762245901
4,3.999999999999994,49,3.209882831527964,8.86671226570294,-0.42625763674189665,0.2613511567206338
4,3.999999999999994,50,7.016013690047623,6.02726934894471,0.35204379069362135,0.35505657216007946
4,3.999999999999994,51,8.4217785009536,8.119335612781688,-0.04874646502866434,0.49761810874124063
4,3.999999999999994,52,8.364345055002202,5.053554393025834,0.370629658694653,0.33560938022630565
4,3.999999999999994,53,4.558140437918953,2.943578571204375,0.10851993299589208,0.4880813704112943
4,3.999999999999994,54,0.25378820098550076,4.287247130936664,-0.028795529747313472,0.4991701287803304
4,3.999999999999994,55,2.539647429499506,2.5966915201021235,-0.16198960747084293,0.473032099409165
4,3.999999999999994,56,2.116865812865867,9.315196682625073,-0.10522914721104883,0.4888014183461781
4,3.999999999999994,57,6.365421497200334,2.229797280110932,0.34944891188488164,0.3576107632363324
4,3.999999999999994,58,5.165297748478098,4.902852273601252,0.14394565340077284,0.47883154539673395
4,3.999999999999994,59,7.142603598325761,6.3420674449044165,0.230317698836764,0.44379472462224884
4,3.999999999999994,60,4.8515643416994045,9.908747024713263,-0.3828769862418636,0.32156681017534716
4,3.999999999999994,61,7.721975639730109,5.35513747122096,0.31242402954529325,0.39037318781222896
4,3.999999999999994,62,4.891579982284293,4.501380852106618,0.06372038483997694,0.49592309137188323
4,3.999999999999994,63,1.4282825317187064,3.7059476942995198,-0.23178540073677822,0.4430299403034642
4,3.999999999999994,64,3.3242339718839493,4.312417345153708,0.005563915464893872,0.4999690418862947
4,3.999999999999994,65,4.521467041094782,6.847218829503642,0.07106213326911198,0.49492441161781764
4,3.999999999999994,66,9.070163991303138,9.280255883214107,-0.07950497452164226,0.49363849021962725
4,3.999999999999994,67,7.362191950664601,9.268202112944838,0.03175969965423471,0.4989903019877969
4,3.999999999999994,68,5.062287085928235,0.7480611165772352,-0.42901806703964096,0.2567946614584698
4,3.999999999999994,69,7.396496375302459,6.733158517475711,0.24124840533813685,0.4379488633639846
4,3.999999999999994,70,1.9623423460828264,6.376447463169582,0.2627483255595212,0.4253978342865274
4,3.999999999999994,71,2.229242167617059,3.1934473043261744,-0.14870609299485624,0.4773745886682755
4,3.999999999999994,72,4.066098953748145,9.365640119325182,-0.17032276450389078,0.47009590073914936
4,3.999999999999994,73,2.4109039148264917,9.323248007018325,-0.38608997261862854,0.31770195631022896
4,3.999999999999994,74,4.363745473213753,2.793448122054576,0.006150604562795915,0.4999621686322998
4,3.999999999999994,75,0.44556519375063364,5.71567426814242,0.3488064590150191,0.35823742706395684
4,3.999999999999994,76,2.4146527536353206,0.13876706438743389,-0.35563005215768656,0.3514644590884277
4,3.999999999999994,77,1.286992273532842,8.803048632573505,-0.31996213196167644,0.3842189923865539
4,3.999999999999994,78,3.1663730517231827,5.091469405543528,0.24635483767636565,0.4350968788137322
4,3.999999999999994,79,1.8823152825264018,0.11399291913603324,-0.12310431555745797,0.48460842697081713
4,3.999999999999994,80,3.366771908426082,1.5230092061630316,-0.237395575238355,0.44004924821802677
4,3.999999999999994,81,5.3995485030729755,8.482425906429023,-0.49525405060712574,-0.06872718062916996
4,3.999999999999994,82,4.74405363338669,3.875544038748276,0.04561458095112378,0.49791496262379314
4,3.999999999999994,83,3.3444587209203327,1.2098745144600962,-0.2461517444276235,0.4352118090254881
4,3.999999999999994,84,1.7982693174193347,1.7390399698490144,-0.26013372655425915,0.4270016912249809
4,3.999999999999994,85,7.915426443394863,5.346997001438401,0.23535875445656368,0.4411419915408813
4,3.999999999999994,86,6.924677523367319,5.498586820180694,0.32808874651799624,0.37730329233688115
4,3.999999999999994,87,5.272140539221188,5.679809837399268,0.1565920068341809,0.47484623131666936
4,3.999999999999994,88,1.2238472518326704,6.49934992406425,0.34259574960042316,0.36418148271943224
4,3.999999999999994,89,0.021286089849764586,4.674556335012063,0.15167636099341436,0.47643916874643655
4,3.999999999999994,90,7.96059630414577,6.190011041288755,0.20659910537698836,0.45532055703364427
4,3.999999999999994,91,1.7900598483008723,0.8879632437751076,-0.1940422313956659,0.46081190570013586
4,3.999999999999994,92,0.5203449169241329,4.879999337149324,0.19101424294254554,0.4620752741632971
4,3.999999999999994,93,0.2850645442775533,4.449553968999229,0.3025138503257893,0.3981022109472214
4,3.999999999999994,94,8.44722082452714,7.8755328769160045,0.24213962249114132,0.43745674439862914
4,3.999999999999994,95,7.900872866293555,8.146135591922521,-0.052168422607021064,0.4972710082869252
4,3.999999999999994,96,3.0809404171824357,9.234304229682122,-0.4315113412262331,0.25258258529268685
4,3.999999999999994,97,1.3872567782507461,6.004578710394105,0.40751373630170096,0.28971115740583364
4,3.999999999999994,98,5.186871155101055,5.454715874440483,0.20259263424087118,0.4571172984599736
4,3.999999999999994,99,1.6188329367771777,3.8579705863115623,0.022645779600347103,0.4994869054002242
4,3.999999999999994,100,6.187814550204515,5.275412815875525,0.33568863714999736,0.3705578752211014
4,3.999999999999994,101,7.92107187011967,7.862239503966571,-0.016291625923930794,0.49973451244111083
4,3.999999999999994,102,8.125600873323698,9.028141336973574,0.014477439503605014,0.4997903597964045
4,3.999999999999994,103,5.352853451455207,3.611656608978454,0.09334124939051976,0.49121014969381155
4,3.999999999999994,104,7.8220749784067545,4.027139398181526,0.20002243745252168,0.45824777633454156
4,3.999999999999994,105,0.5680148055228971,1.4832154977665293,-0.33270400676028367,0.3732399280431464
4,3.999999999999994,106,4.3947480561935635,9.296947227729182,-0.3131558220316508,0.3897863916655904
4,3.999999999999994,107,5.842977447788838,6.392137785266528,-0.055871788894687184,0.4968685371461022
4,3.999999999999994,108,0.679670475876519,3.7055980793082353,-0.2031662693872054,0.45686263469809557
4,3.999999999999994,109,7.0838775666263,7.501128550099195,0.1244003480800582,0.48427735172890374
4,3.999999999999994,110,1.3487804861020019,1.3895761606418975,-0.08247650910480939,0.4931507127094964
4,3.999999999999994,111,2.948967020401795,6.315845790795298,0.27437312507869255,0.41799448349775165
4,3.999999999999994,112,1.6477194596035918,8.644390306799135,0.051432052428418515,0.49734770933724065
4,3.999999999999994,113,2.8376200112788057,3.1589047306646467,-0.27140868442731897,0.41992538148751135
4,3.999999999999994,114,0.8587208281111693,3.4874426861286936,-0.043979278086465,0.4980620675166835
4,3.999999999999994,115,3.4060363647905842,6.4330087004198955,0.15120863693470427,0.4765878178429961
4,3.999999999999994,116,3.887634193077692,1.3454592145692457,-0.22544260630471197,0.4462909715225467
4,3.999999999999994,117,8.855460031676712,9.479509676821,-0.039788633790507295,0.49841435033622866
4,3.999999999999994,118,5.737083763992267,9.98472349977349,-0.45801246928567174,0.20056065910053644
4,3.999999999999994,119,9.687661958706672,1.8577930511934349,-0.420537287952767,0.27045958929446645
5,4.99999999999999,0,4.178914717833426,1.6921799332686493,-0.35843965042342535,0.348598647450521
5,4.99999999999999,1,0.883682256162159,1.6460812838494687,-0.3379262131930324,0.3685184858823464
5,4.99999999999999,2,4.671327485495395,5.469072869003313,0.1367664414658634,0.4809313261670158
5,4.99999999999999,3,9.065159383933615,6.257787070207822,0.28431932809093785,0.41129371460541153
5,4.99999999999999,4,4.9052343198199395,2.465937758111712,0.12849010280015022,0.48320833341572955
5,4.99999999999999,5,7.941105709123227,7.642202938502679,0.27250255571856574,0.4192163607576045
5,4.99999999999999,6,2.4132957162369033,9.853609194433393,-0.42019717819858277,0.27098769609328843
5,4.99999999999999,7,4.602839284944092,5.770506131135943,0.16563267325796954,0.47176881790705366
5,4.99999999999999,8,3.09835913578028,5.5791220313866905,0.1933864058071226,0.46108751669179127
5,4.99999999999999,9,2.1516063444704763,4.542515128865827,-0.30265600325000874,0.39799415032978896
5,4.99999999999999,10,7.909035569348474,4.838510896979492,0.4188949858381328,0.27299632019437653
5,4.99999999999999,11,4.079207341039263,2.050207200155269,-0.22951479224733398,0.4442104908032487
5,4.99999999999999,12,9.157403354857747,9.23196273937581,0.27711817432975777,0.41617966968142733
5,4.99999999999999,13,4.9402003549651266,4.022669167577861,-0.04472188217758746,0.49799593698592964
5,4.99999999999999,14,1.002860644715998,1.8587967812736716,-0.46829929474892484,0.17520208485534514
5,4.99999999999999,15,4.40828478263028,3.1070805240989463,0.10467342254031062,0.4889207242628375
5,4.99999999999999,16,4.9311344786045215,9.610931187033259,-0.3611231869055163,0.34581793458292975
5,4.99999999999999,17,4.896461200539259,1.0737905239997132,-0.3445332805533309,0.36234902868803137
5,4.99999999999999,18,1.53286068491417,7.345223243706898,0.11946595332695831,0.4855181623746747
5,4.99999999999999,19,3.965290712134478,2.786578500370371,-0.17908622062845814,0.46682772580580006
5,4.99999999999999,20,5.008762377046944,0.28660291530343246,-0.4377982235595502,0.24152166662248345
5,4.99999999999999,21,5.433339715194212,3.882463042523967,0.29244396203804474,0.40555706018696147
5,4.99999999999999,22,8.968443925260049,7.281725805237094,-0.005041693208611614,0.4999745806834486
5,4.99999999999999,23,3.746093288173902,9.34755692785576,-0.21974757184884347,0.44912248292257356
5,4.99999999999999,24,0.6124559895331113,0.20007899220513128,-0.4597060920816724,0.19664767708517913
5,4.99999999999999,25,5.395514503578609,9.579295289617622,-0.37287944685823426,0.33310796764817446
5,4.99999999999999,26,1.0951446299990344,0.13265825973430045,-0.12242861348904255,0.4847795732074018
5,4.99999999999999,27,1.5305427668342866,3.0264071834843547,-0.13294141336612236,0.4820026769761946
5,4.99999999999999,28,8.360641649782213,0.43438868573524936,0.45705632051614403,0.20273016518575576
5,4.99999999999999,29,9.577385826251591,6.857694047095395,0.2839370960450391,0.41155768184971375
5,4.99999999999999,30,2.1666958997599153,2.307912888634966,-0.2659021746702695,0.4234336234944286
5,4.99999999999999,31,5.196636031426834,9.015153215770045,-0.23031565223153166,0.44379578675012693
5,4.99999999999999,32,8.715270859874018,4.795757745208313,0.37549833285590956,0.3301529979001138
5,4.99999999999999,33,3.9710445047829395,7.638883554727959,0.3415002409498574,0.36520896132377323
5,4.99999999999999,34,7.935307015781475,1.2998451562372995,0.32307962725446193,0.3816013030023848
5,4.99999999999999,35,3.2797240716625065,6.3673719107816655,0.24917880352964555,0.43348578277901384
5,4.99999999999999,36,9.863937608334407,6.351430413379245,0.2849104229067329,0.4108844739328886
5,4.99999999999999,37,5.2757977087052375,2.391125498753536,0.2778279374062045,0.4157061909529543
5,4.99999999999999,38,5.459391998229329,1.0606099889740705,-0.45981243825972157,0.19639888396233238
5,4.99999999999999,39,8.084574207345094,0.5431296561010094,0.3486207750434561,0.358418129017074
5,4.99999999999999,40,5.996170985635852,3.7746784816623937,0.2452801008738223,0.43570365171217873
5,4.99999999999999,41,7.932956362230893,3.910558893964429,0.4103261095829828,0.28571398949735377
5,4.99999999999999,42,8.365110256870086,2.3467991165401516,-0.40826238190424224,0.28865520525685084
5,4.99999999999999,43,8.542577601437147,3.4795158520685634,0.11438054275034851,0.48674129826853163
5,4.99999999999999,44,4.272758830994202,4.604769404187639,0.10625870808544997,0.48857863947988056
5,4.99999999999999,45,6.2606890291828625,3.2888626096009177,0.03987802715839928,0.4984072059570908
5,4.99999999999999,46,3.1597134601529078,2.3256262288151124,-0.30939067516430935,0.3927816315987458
5,4.99999999999999,47,4.209038352867474,5.528110435853971,0.04850176188304118,0.4976420190199385
5,4.99999999999999,48,1.5329378158322085,8.267807175548567,-0.2786549102051899,0.4151523106265188
5,4.99999999999999,49,2.8723300661069606,9.203109924233894,-0.4576397255839347,0.20140973553297004
5,4.99999999999999,50,7.270821784251123,6.443247695064459,0.3328837488262935,0.373079629258089
5,4.99999999999999,51,8.599810873202557,8.569121648330675,0.1223163026685217,0.4848079228947301
5,4.99999999999999,52,8.655489478360126,5.438657141293585,0.41273764981284206,0.28221912129934046
5,4.99999999999999,53,4.686945098634007,3.4166360477366444,0.24036197563187855,0.4384359938124837
5,4.99999999999999,54,0.2528940746967446,4.766409859059006,-0.08780666665815032,0.49222961033483603
5,4.99999999999999,55,2.227562099011348,2.973601872754014,-0.32502933617087676,0.37994200955977364
5,4.99999999999999,56,1.8159396348902146,9.70015819769349,-0.30342784313565285,0.39740601909136414
5,4.99999999999999,57,6.47075931003703,2.6969368888450007,-0.1017806663106551,0.4895310980574769
5,4.99999999999999,58,5.279308731598513,5.379912901433248,0.20018174115559642,0.45817820824207023
5,4.99999999999999,59,7.415915064309295,6.750045958698731,0.3900835194161942,0.31278562607619237
5,4.99999999999999,60,4.489752087345173,0.23147438008523305,-0.3523556888612933,0.3547470486516885
5,4.99999999999999,61,7.999227843326935,5.753569612747848,0.4560543050451972,0.20497431753695944
5,4.99999999999999,62,5.051992843500707,4.966170203183721,0.19525305304197024,0.4603001686701728
5,4.99999999999999,63,1.2643278199066512,4.165630847570384,0.013566004724975756,0.49981592963390226
5,4.99999999999999,64,3.5669902708188865,4.725703641610858,0.0637949448372825,0.495913505576535
5,4.99999999999999,65,4.827620233864575,7.21496919128367,0.40812416246976635,0.28885059807511526
5,4.99999999999999,66,9.255581199836888,9.71845026436561,0.34442057921955693,0.36245615543133614
5,4.99999999999999,67,7.590343942279032,9.66747932357606,0.41525752135303357,0.27849809866448805
5,4.99999999999999,68,4.731286218916533,1.0966638773558977,-0.4489902613308039,0.22001760209150645
5,4.99999999999999,69,7.608589652349813,7.168412548633361,0.1942037124383966,0.4607438747017095
5,4.99999999999999,70,2.0862914250352214,6.8367371026976915,-0.08223265379267075,0.4931914340803323
5,4.99999999999999,71,2.0041855155401227,3.6171476349831764,-0.00084915333933595,0.4999992789380863
5,4.99999999999999,72,3.7203189489839867,9.716265812907695,-0.3986208924720653,0.30183005828574166
5,4.99999999999999,73,2.058926656231863,9.66106519032643,-0.3874419136082572,0.31605183685524085
5,4.99999999999999,74,4.463361762360728,3.2731705900175125,0.03455934159560007,0.4988042220235096
5,4.99999999999999,75,0.6498670782223933,6.142966837832944,0.32483689886218414,0.3801065497167856
5,4.99999999999999,76,2.099172570207891,0.5150289584194101,-0.35033729028206845,0.35674049817453823
5,4.99999999999999,77,0.986508122741822,9.17372650939988,-0.4034861614347552,0.29529462834709114
5,4.99999999999999,78,3.4656893309525754,5.474624013922576,0.19499542508532444,0.460409365886266
5,4.99999999999999,79,1.5592812934739475,0.4755236858078928,-0.40593681342271043,0.29191660368710726
5,4.99999999999999,80,3.214578156373904,1.9824952981920223,-0.2804123421067884,0.4139672914545127
5,4.99999999999999,81,5.033999419504105,8.779666027620815,-0.11772515516574288,0.4859431940476189
5,4.99999999999999,82,4.844038441453202,4.352481484178954,0.16871035195927736,0.47067697749282017
5,4.99999999999999,83,3.2307696746897836,1.6838481216036796,-0.32817773879682544,0.37722588956512865
5,4.99999999999999,84,1.411533953129899,2.028212416595131,-0.38537200787723197,0.31857246513889215
5,4.99999999999999,85,8.178100946211849,5.748681116606089,0.4050589813314065,0.2931334536397428
5,4.99999999999999,86,7.213393125994634,5.892784545948466,0.3793896756999727,0.32567387671145737
5,4.99999999999999,87,5.371161980971491,6.152295913007501,-0.03994298141532508,0.4984020046465052
5,4.99999999999999,88,1.306949422093581,6.964766977838394,-0.10833027878174761,0.4881234994333594
5,4.99999999999999,89,0.05819340366780344,5.150119976950128,0.10296477077280485,0.48928341069333603
5,4.99999999999999,90,8.197061177372843,6.612751508548717,0.3134486785255246,0.3895509285454244
5,4.99999999999999,91,1.4197319478369324,1.1984208556213982,-0.3309125238788904,0.3748291631398266
5,4.99999999999999,92,0.605762943976518,5.351569911029531,-0.03804435044349755,0.4985505264256898
5,4.99999999999999,93,0.3332948358183603,4.924407630779533,-0.0031395509984805344,0.4999901431223699
5,4.99999999999999,94,8.635132663546926,8.323556897759776,0.24135982036763537,0.437887470832522
5,4.99999999999999,95,8.062752046359222,8.605098647052522,0.3542851047479507,0.3528201589389892
5,4.99999999999999,96,2.761449407791709,9.588457956987822,-0.44298962085842813,0.23186245019775428
5,4.99999999999999,97,1.5387650783779354,6.4678040048263385,0.0735108212283342,0.49456663773685333
5,4.99999999999999,98,5.2877898831844785,5.931915323830999,-0.040426603325163527,0.4983630100073539
5,4.99999999999999,99,1.4326200311309516,4.308245942851342,-0.31361792533999816,0.38941468501513316
5,4.99999999999999,100,6.474337216061257,5.662192634523373,0.30985935521470953,0.3924120028565952
5,4.99999999999999,101,8.121506431453394,8.309822045140477,0.15269619462890996,0.4761132975940181
5,4.99999999999999,102,8.355038538784774,9.456976326611203,0.2963794702703867,0.4026899670990636
5,4.99999999999999,103,5.47331703194339,4.088272990821277,0.09422665747773976,0.49104107467764113
5,4.99999999999999,104,8.112172761371237,4.4115254432135025,0.3969537330754301,0.3040192983964672
5,4.99999999999999,105,0.1809656617834916,1.7629785886445282,-0.38121329423346956,0.3235373615205301
5,4.99999999999999,106,4.037937485000205,9.624396903156219,-0.41351342137172686,0.28108121663577706
5,4.99999999999999,107,5.949938669634505,6.850012942204223,0.27839122309743325,0.4153291789680989
5,4.99999999999999,108,0.6112810222769203,4.188199632322305,0.0007640014397708834,0.49999941630145933
5,4.99999999999999,109,7.2816252910166,7.942558686165459,0.35421874742967047,0.3528867792498826
5,4.99999999999999,110,0.9469125857013666,1.6511034976538588,-0.33884929241340445,0.36766990226415747
5,4.99999999999999,111,3.291577556172565,6.665650121865139,0.28252189921635235,0.4125304551947471
5,4.99999999999999,112,1.384955375083994,9.03796760157171,-0.19796502467966967,0.45914033693804096
5,4.99999999999999,113,2.57173683060382,3.5623760728672162,-0.12072906525355313,0.4852056190966912
5,4.99999999999999,114,0.8150567948670749,3.9671481208427504,-0.030623372040935674,0.4990613279796807
5,4.99999999999999,115,3.7323450200795354,6.789414187710024,0.4700521551636053,0.1704434552162385
5,4.99999999999999,116,3.784156317064293,1.823689420095616,0.006164045616712498,0.49996200309787053
5,4.99999999999999,117,9.050641385933883,9.92020766924714,0.3485387483210746,0.3584978952780318
5,4.99999999999999,118,5.4006987164110685,0.33696305328422727,-0.31339794380071545,0.3895917463467156
5,4.99999999999999,119,9.355554292554606,2.1846589325831323,-0.4296733463484257,0.2556967255123651
6,5.999999999999987,0,3.9512199845915887,2.1207129741707527,-0.07417893473860108,0.494466870114719
6,5.999999999999987,1,0.6418506535024597,2.054588832215875,-0.20669111350423594,0.4552787976596088
6,5.999999999999987,2,4.7797001922500995,5.944283129877675,0.023502325600741756,0.49944733525303414
6,5.999999999999987,3,9.340128849865033,6.663295471837084,0.12026076828303124,0.48532190102237815
6,5.999999999999987,4,4.852147793046704,2.944502953629533,-0.1298197241836875,0.4828528131976361
6,5.999999999999987,5,8.21832502219346,8.042247149147792,0.28048995245374475,0.41391470929709173
6,5.999999999999987,6,2.0427338992199093,0.16553143703626694,-0.4375699891785834,0.24193491804668127
6,5.999999999999987,7,4.7166054709424765,6.2397194775714535,0.17740682931317944,0.4674685197027115
6,5.999999999999987,8,3.368750544735218,5.984115803177106,0.06974767378132563,0.4951113632326507
6,5.999999999999987,9,2.078889583701636,5.016630856340306,0.22071092858485156,0.4486498478805187
6,5.999999999999987,10,8.224621263949508,5.190613902082753,0.1140185773696057,0.4868262154143008
6,5.999999999999987,11,3.986856329737553,2.5279507698222266,-0.04402914470803251,0.49805766173835647
6,5.999999999999987,12,9.394095350559386,9.660291350923162,0.3405634818304777,0.366082661216701
6,5.999999999999987,13,5.076027239749108,4.491640506784116,-0.05127231630498276,0.49736420215041793
6,5.999999999999987,14,0.7838641875645221,2.271759093631929,-0.008710439700609455,0.4999241224828245
6,5.999999999999987,15,4.3866876376095565,3.5978976458611776,-0.14996435735537425,0.4769808083382282
6,5.999999999999987,16,4.541853215976973,9.895445954237262,-0.4570570203359588,0.20272858743062103
6,5.999999999999987,17,4.531099728359433,1.3974266691216286,-0.37375261357367273,0.3321279630606988
6,5.999999999999987,18,1.5070352715536486,7.821184668511888,0.10782550620973153,0.48823525088896963
6,5.999999999999987,19,3.890374464550531,3.2653577330543504,-0.10724587251287374,0.48836290074999805
6,5.999999999999987,20,4.615772963195736,0.5630616918894135,-0.2668521666274167,0.4228355722574124
6,5.999999999999987,21,5.5402520707297,4.357042794162263,0.28034085051096086,0.4140157092850356
6,5.999999999999987,22,9.17292646053644,7.7169835230917245,0.33940667322541956,0.36715543053324606
6,5.999999999999987,23,3.3042779124455963,9.563504463503865,-0.4138196461372086,0.2806301845327325
6,5.999999999999987,24,0.33251131273787593,0.58026421928958,-0.013758631929287763,0.49981066419938897
6,5.999999999999987,25,4.984813773203927,9.8391138766024,-0.4665738143370758,0.17974669892643919
6,5.999999999999987,26,0.7549652733903243,0.4725108385833249,-0.055046866461254236,0.49696060456820607
6,5.999999999999987,27,1.4330825221823127,3.5054186024196645,0.08927035843425725,0.49196626216135925
6,5.999999999999987,28,8.656586943741644,0.8186373870871264,0.07296917139950145,0.49464684374336215
6,5.999999999999987,29,9.792885762165222,7.294066631568218,0.30214852572693723,0.39837955319147383
6,5.999999999999987,30,2.047367305128033,2.7792038804688723,0.048364209619903016,0.49765540610732045
6,5.999999999999987,31,4.814797340838047,9.293146340091276,-0.2785133094904378,0.41524731960204586
6,5.999999999999987,32,9.027954930768596,5.156126579907957,0.048756740375314495,0.4976171020654075
6,5.999999999999987,33,4.320428830074173,7.96175175207883,0.40994216837488195,0.28626459541497606
6,5.999999999999987,34,8.206541651989834,1.6805033223690777,0.12339567806956683,0.4845343193559687
6,5.999999999999987,35,3.6167170776563005,6.719937375416378,0.4593647862132983,0.1974436455984611
6,5.999999999999987,36,0.022850695173779523,6.8122154319862585,0.1047200482858267,0.4889107397951227
6,5.999999999999987,37,5.258252216485289,2.86817284347071,-0.03230083860704713,0.49895556498077215
6,5.999999999999987,38,5.073935561730933,1.3612970306433725,-0.4038741765924734,0.2947637180552445
6,5.999999999999987,39,8.384401663002487,0.9181375403595363,0.31225373899141773,0.39050941408099193
6,5.999999999999987,40,6.124209712692237,4.243991984211755,0.10687778671710647,0.48844358804927795
6,5.999999999999987,41,8.259610039112376,4.253610796328431,0.28850284848276914,0.4083700606280146
6,5.999999999999987,42,8.109621271534705,2.6573624182965596,0.060689160308298976,0.49630315918909235
6,5.999999999999987,43,8.897053839437998,3.798683998968802,0.1875952259672853,0.4634738732596296
6,5.999999999999987,44,4.386630640137462,5.075454861691425,0.23962220114935956,0.4388407464175767
6,5.999999999999987,45,6.392519043997719,3.744923902501429,0.14637587664723734,0.47809424043357057
6,5.999999999999987,46,3.0402154447208947,2.7980877333376237,-0.1676659211519513,0.4710500386203865
6,5.999999999999987,47,4.35386561682912,5.9891036678217615,0.27594828774130786,0.4169562836708909
6,5.999999999999987,48,1.3512732817945168,8.70188595636427,0.12067445455660568,0.48521920408972447
6,5.999999999999987,49,2.4634314592835653,9.466897486788747,-0.46326621156843045,0.1881074618908944
6,5.999999999999987,50,7.557781958862711,6.829786632084674,0.1041844477845119,0.489025153586026
6,5.999999999999987,51,8.863929714839353,8.98267731409901,0.21081000601191002,0.45338630478352393
6,5.999999999999987,52,8.910165930054996,5.84328948137147,0.029949182143483306,0.4991022405168469
6,5.999999999999987,53,4.728022062602709,3.8988589104586455,-0.154601100611474,0.4754981595019279
6,5.999999999999987,54,0.2993105570897354,5.253845050025089,0.18549264826431458,0.46431937008904905
6,5.999999999999987,55,2.136683736880815,3.447256296758291,0.02311395125611476,0.49946545952380933
6,5.999999999999987,56,1.4565386971619252,0.0326667312957988,-0.40177214521342897,0.2976224845850854
6,5.999999999999987,57,6.596590274131952,3.1275808396968383,-0.13371495433822347,0.48178865800922177
6,5.999999999999987,58,5.38198424117604,5.849185019042297,0.33754060928112417,0.368871708167118
6,5.999999999999987,59,7.708129900085053,7.136534082961671,0.09193750078523208,0.4914748172077237
6,5.999999999999987,60,4.112498643345289,0.5279309890341077,-0.22803919784640908,0.44496980149844584
6,5.999999999999987,61,8.296695945809475,6.127375894682587,0.3008861600660645,0.3993338436455125
6,5.999999999999987,62,5.155306051572542,5.445181570287214,0.22005646030237444,0.4489712176511869
6,5.999999999999987,63,1.221569209411168,4.6436727932979,0.18689527824000932,0.46375656865600245
6,5.999999999999987,64,3.7918869613701647,5.151156117341538,0.4146578073802639,0.27939023386402034
6,5.999999999999987,65,5.148736774518197,7.531911863487964,0.3567205034875536,0.3503576492551379
6,5.999999999999987,66,9.498031469140969,0.1417513422571966,0.11946310460113027,0.48551886331950006
6,5.999999999999987,67,7.797472749540143,0.09112442813130343,0.11456715962036847,0.4866974069547947
6,5.999999999999987,68,4.353923185595451,1.4051376330278285,-0.42459714823374484,0.26404026532286956
6,5.999999999999987,69,7.904487897199842,7.550405375281551,0.29402978206678076,0.4044088120426673
6,5.999999999999987,70,2.1217805078096594,7.322873525950639,0.02562826503366884,0.49934276006703454
6,5.999999999999987,71,1.9039235363869276,4.092123325255922,0.1155820309452418,0.48645739188810067
6,5.999999999999987,72,3.3258194838557245,9.9933640780483,-0.31264231120826935,0.3901983921575686
6,5.999999999999987,73,1.6706178804925897,9.953951499272835,-0.30950893325821843,0.39268845187165824
6,5.999999999999987,74,4.459081121182294,3.7618945173893645,-0.06165835569277142,0.49618368289703335
6,5.999999999999987,75,0.7183920403434008,6.62273001123056,0.02160165148726072,0.49953315070475846
6,5.999999999999987,76,1.73778527115995,0.843044365758054,-0.3044347464895651,0.3966352040979648
6,5.999999999999987,77,0.6335304810063168,9.509251480310088,-0.295748098884273,0.40315389370107574
6,5.999999999999987,78,3.7037406782614197,5.898677925011382,0.2781970080652157,0.41545929367816803
6,5.999999999999987,79,1.2408473019934494,0.8468502842646201,-0.36937119697401904,0.33699394482094247
6,5.999999999999987,80,3.0784186101304236,2.441841191044313,-0.07044249291051642,0.4950129848726716
6,5.999999999999987,81,4.644023626646614,9.045943715709244,-0.3790519895224328,0.32606684780744805
6,5.999999999999987,82,4.938833950441573,4.832944836428196,0.08945786227852442,0.49193220150398426
6,5.999999999999987,83,3.1039521208810776,2.150405311315932,-0.07079708622275352,0.49496239511943535
6,5.999999999999987,84,1.1666852251288333,2.4396809187184814,-0.1238767711315854,0.4844115456654732
6,5.999999999999987,85,8.449827968230148,6.1427242302134175,0.20804300282358407,0.45466263204286556
6,5.999999999999987,86,7.514380317110726,6.264413253110516,0.08168602170134467,0.49328226590726676
6,5.999999999999987,87,5.523457158835304,6.612159041372695,0.2908859030605429,0.40667602757066024
6,5.999999999999987,88,1.3613770947841701,7.448908530570196,0.22128220044743763,0.4483683616906305
6,5.999999999999987,89,0.06790589103535892,5.621301095035209,0.30826043416100185,0.3936692834485193
6,5.999999999999987,90,8.490757275672237,6.98785521450533,-0.06304228404681149,0.4960097483136407
6,5.999999999999987,91,1.1324514981544518,1.5775541147189178,-0.30786205156666946,0.3939809096963472
6,5.999999999999987,92,0.6637444768937552,5.827873001111973,0.24441962458208147,0.4361869405646555
6,5.999999999999987,93,0.3525578215541647,5.395924751448809,0.0009620840405747912,0.49999907439344216
6,5.999999999999987,94,8.905131189374416,8.72846671104644,0.1966614029246442,0.4597002203607376
6,5.999999999999987,95,8.327336206152886,9.017020736892444,0.14122179142543206,0.4796419556571253
6,5.999999999999987,96,2.3666104091004314,9.866121408398321,-0.4224384625318488,0.2674803644638758
6,5.999999999999987,97,1.6008315996510711,6.949107392536136,0.3125221276013149,0.39029465761082033
6,5.999999999999987,98,5.42421461730799,6.396208999071979,0.21588236779400166,0.4509931299650311
6,5.999999999999987,99,1.4450666407501818,4.79648426053364,0.17716974006995795,0.46755842758263216
6,5.999999999999987,100,6.786251193069864,6.012776141343918,0.13516530102106622,0.48138377766589163
6,5.999999999999987,101,8.368142561660083,8.730976300648615,0.17477007313648193,0.46846069369357846
6,5.999999999999987,102,8.573667817197354,9.899086976735914,0.14770268359475236,0.47768600278730006
6,5.999999999999987,103,5.61828448617669,4.553571135307116,0.2538628732517517,0.4307593778252135
6,5.999999999999987,104,8.440010868718318,4.754213533771683,0.2681031976163274,0.4220434520613967
6,5.999999999999987,105,9.937123430275815,2.1737415339507318,-0.06856637465455116,0.49527633929628795
6,5.999999999999987,106,3.6302749183170118,9.886750999768863,-0.3393682389306548,0.36719095632260057
6,5.999999999999987,107,6.076372029221644,7.307700521780718,0.04984161822351607,0.4975096110557678
6,5.999999999999987,108,0.6528060273324611,4.6664147468035155,0.2113073673465872,0.45315471585878314
6,5.999999999999987,109,7.568307323454157,8.342377779659625,0.34199316649510847,0.36474741132823546
6,5.999999999999987,110,0.6748245090690619,2.04191584434715,-0.2710508231702561,0.42015646045101646
6,5.999999999999987,111,3.6155321453826255,7.028129207345576,0.4558488649712582,0.20543079687431398
6,5.999999999999987,112,1.0728727449773439,9.40868591907661,-0.374293073362158,0.3315187705592403
6,5.999999999999987,113,2.4424255521555867,4.027756653914434,0.05765543624076756,0.49666472662339006
6,5.999999999999987,114,0.8226579961823801,4.444236886394895,0.04075060002548524,0.49833662177042826
6,5.999999999999987,115,4.081248978528742,7.123470592372901,0.3870359157925546,0.3165488901996319
6,5.999999999999987,116,3.6268659729004686,2.2884410779307087,-0.2297901972096727,0.44406808629571626
6,5.999999999999987,117,9.306252660427585,0.330788534111858,0.35560356142432153,0.3514912617723785
6,5.999999999999987,118,4.9939928294454194,0.6061333295780899,-0.27552042966352047,0.4172391314798135
6,5.999999999999987,119,9.13527591509858,2.59480965440406,0.012598330250556596,0.4998412568755184
7,6.999999999999983,0,3.6918658860074087,2.5285881439612576,-0.16917242789608064,0.47051109406659625
7,6.999999999999983,1,0.39439294084016513,2.4766650390109217,-0.13346216973484085,0.4818587440834384
7,6.999999999999983,2,4.892998022962013,6.420034779721661,0.24147480705850197,0.4378240714671353
7,6.999999999999983,3,9.428158335871201,7.141030112374654,-0.07037369984658584,0.49502276954691954
7,6.999999999999983,4,4.837383672450034,3.4228382274874822,0.275535162705757,0.4172294022629662
7,6.999999999999983,5,8.292571276628145,8.517041761677426,-0.10365900555012646,0.48913680148641325
7,6.999999999999983,6,1.8624166370429318,0.6121536811389828,-0.09236844089900194,0.4913940080280666
7,6.999999999999983,7,4.827465307156499,6.7187533031060545,0.04850501617402039,0.4976417018357264
7,6.999999999999983,8,3.5726311964882904,6.4072571651518855,0.07192399236350808,0.4947998982644338
7,6.999999999999983,9,2.1462843759139725,5.485804066682581,0.3091984504831936,0.39293296911660647
7,6.999999999999983,10,8.359521670932363,5.648948251448752,-0.18085523363799832,0.466145239668652
7,6.999999999999983,11,3.788930847520104,2.970626178302303,-0.12647894163610718,0.48373864567823216
7,6.999999999999983,12,9.563223408261113,0.11569637823341278,0.18710996072181282,0.46366999320495356
7,6.999999999999983,13,5.130612394176509,4.967306322256724,-0.09404273610261916,0.49107633193459155
7,6.999999999999983,14,0.5015927944541614,2.668204743456184,-0.24088775779062613,0.4381473361172069
7,6.999999999999983,15,4.346731983785447,4.073834282075144,0.21725714283851388,0.4503324703878741
7,6.999999999999983,16,4.199201071776392,0.2452322499930306,-0.4480526635315491,0.22192073067265353
7,6.999999999999983,17,4.22540585153705,1.7821862894980305,-0.2167798094752546,0.4505624420697672
7,6.999999999999983,18,1.4193855101013446,8.292008303809382,0.07452596532165037,0.49441468474639405
7,6.999999999999983,19,3.8215905804554664,3.745387949678924,0.21174992752176314,0.4529480855401953
7,6.999999999999983,20,4.272597324808113,0.9091418102645078,-0.42528578564109365,0.2629296493962553
7,6.999999999999983,21,5.570614841733781,4.846650092956649,0.13152796101583844,0.48239029371559294
7,6.999999999999983,22,9.233857169921095,8.193237918056182,0.03944803016030153,0.4984414237565653
7,6.999999999999983,23,3.041639578225324,9.972682468257466,-0.11497081996796978,0.48660220977292395
7,6.999999999999983,24,0.4200180612277575,1.0575528225187154,0.1399549916351517,0.48001312515014066
7,6.999999999999983,25,4.635419443032329,0.18741289595343172,-0.40267442184476493,0.2964005904042439
7,6.999999999999983,26,0.6766716507192397,0.9334964438519243,0.18178875870137112,0.4657819738996075
7,6.999999999999983,27,1.4163638437592652,3.9896494938334626,0.16876571260895384,0.4706571302419544
7,6.999999999999983,28,8.805825716665488,1.2817348485626388,0.024335060625015465,0.4994074537132749
7,6.999999999999983,29,9.85394310703443,7.770117497979921,-0.07606981835580778,0.49417950456824333
7,6.999999999999983,30,1.9520575971842766,3.25687733810418,-0.23820176746792,0.4396133732897112
7,6.999999999999983,31,4.459284568729682,9.6243714466639,-0.20701894328722137,0.4551298244679667
7,6.999999999999983,32,9.161315648905113,5.60606657930797,-0.04257583281799859,0.49818400060605506
7,6.999999999999983,33,4.480213752344971,8.41760016693247,0.08959148781402378,0.4919078829529668
7,6.999999999999983,34,8.262330567368801,2.165320460559326,0.10568699915202273,0.48870262758679783
7,6.999999999999983,35,3.8134108620129883,7.149582089369715,-0.07995272674259749,0.4935661672829931
7,6.999999999999983,36,0.08526464981630238,7.292527465805294,0.0960861941470363,0.4906805919275165
7,6.999999999999983,37,5.215746796949362,3.3375690875727875,0.3123812118414559,0.39040745188644066
7,6.999999999999983,38,4.7654242052834705,1.7412426285954221,-0.27803329149330985,0.41556887373983653
7,6.999999999999983,39,8.50550179194126,1.385668502913259,-0.022990966653825065,0.49947113575493296
7,6.999999999999983,40,6.202819334964082,4.720866245025771,0.22249423566134827,0.4477681488197574
7,6.999999999999983,41,8.414567237059918,4.707273070980438,-0.05358893343604386,0.4971199314181511
7,6.999999999999983,42,8.067429244086389,3.144613308426475,0.05148816812158883,0.4973419030641627
7,6.999999999999983,43,9.051733234967868,4.240734493458599,-0.0031853017215847544,0.4999898537499961
7,6.999999999999983,44,4.492500374205391,5.5429042891905445,-0.04344940917955203,0.4981085713395703
7,6.999999999999983,45,6.448793249405403,4.2298107429431315,0.06290407234631923,0.4960272952996126
7,6.999999999999983,46,2.853148068780165,3.239091450701377,-0.29125391256351246,0.4064125470706408
7,6.999999999999983,47,4.494288959608844,6.4521385562272044,0.2449037031187631,0.4359153314563698
7,6.999999999999983,48,1.2048869216666556,9.152663575603238,0.0014340573217707505,0.4999979434753686
7,6.999999999999983,49,2.213567511760418,9.888152351881963,-0.29678742961385735,0.4023893905450287
7,6.999999999999983,50,7.727591300713899,7.286352451386686,0.22174619690588068,0.448139067877125
7,6.999999999999983,51,8.995869270344691,9.451832560136294,0.14441736616636405,0.47868948635787933
7,6.999999999999983,52,9.070338556074688,6.295002807411666,0.0957712605831583,0.49074215800796334
7,6.999999999999983,53,4.682153855828626,4.3805657884980596,0.18918537053473286,0.4628270687585546
7,6.999999999999983,54,0.5132879247591089,5.687159906784288,0.29995095498641683,0.4000367790625463
7,6.999999999999983,55,2.143716026992716,3.934613006027191,0.1413466564983289,0.47960517375935735
7,6.999999999999983,56,1.3047104973135508,0.4862530998922602,0.03763652776250089,0.4985814795777943
7,6.999999999999983,57,6.660802205750277,3.5948061071918853,0.09530799552763751,0.49083233999860254
7,6.999999999999983,58,5.458713606315649,6.329492000484894,0.20093153470358505,0.45784988627459766
7,6.999999999999983,59,7.823581886422744,7.614758766956416,-0.038514256241678285,0.498514445193066
7,6.999999999999983,60,3.7986530907130285,0.9017726186839917,-0.295784512077263,0.4031271789587195
7,6.999999999999983,61,8.451801101117299,6.574868117318075,0.17975516324858695,0.4665705533844521
7,6.999999999999983,62,5.235713097197231,5.925534263739222,0.265454926440884,0.4237141513193357
7,6.999999999999983,63,1.3289226670382615,5.117250651329186,0.26401583091179304,0.4246123420579712
7,6.999999999999983,64,4.009118397856719,5.572956522846767,0.22710054171070077,0.44544959754691243
7,6.999999999999983,65,5.282690876606827,8.002065870045428,-0.06882952995679505,0.4952398366508157
7,6.999999999999983,66,9.692932845832901,0.5915552020686345,0.09100859736856655,0.4916476738529392
7,6.999999999999983,67,7.9480097138052175,0.546944876371449,-0.08528295533782257,0.49267313457184464
7,6.999999999999983,68,4.045862280498216,1.780953345331006,-0.300979577177045,0.3992634395011985
7,6.999999999999983,69,8.046971761426029,8.01546606819046,0.15272600783415322,0.47610373505260617
7,6.999999999999983,70,2.057329705857416,7.799843941868608,-0.2073066706546162,0.454998839890937
7,6.999999999999983,71,1.9785692219686246,4.5653113708181055,0.2439981165519379,0.43642286731919416
7,6.999999999999983,72,3.0034537103443952,0.3606365062571734,-0.15776179469676407,0.4744588666407827
7,6.999999999999983,73,1.5242158878677547,0.41608710814299693,0.0020690051423547864,0.49999571919939567
7,6.999999999999983,74,4.410626894181707,4.242264119104614,0.005463191445574553,0.49997015264836453
7,6.999999999999983,75,0.7743259757060347,7.09614233695776,0.011376611745522902,0.4998705559494295
7,6.999999999999983,76,1.578028496029021,1.2838493736729717,0.01652684341788456,0.49972678880228216
7,6.999999999999983,77,0.5082723724754947,9.95123930548493,0.19283939124770302,0.46131656070773713
7,6.999999999999983,78,3.889366062542768,6.339956686639577,-0.001698091200960315,0.4999971164779586
7,6.999999999999983,79,1.123831041675472,1.3110309140200502,-0.10319451748583018,0.4892350064752794
7,6.999999999999983,80,2.844732594387648,2.866107386084686,-0.3596630518339773,0.3473362767484412
7,6.999999999999983,81,4.325348937005442,9.410365148720368,-0.3352125290427083,0.37098862566498103
7,6.999999999999983,82,5.00226443453372,5.323761965099174,0.13237825338067497,0.4821576485257512
7,6.999999999999983,83,2.8730008597994248,2.5708320214695464,-0.1403559489532373,0.47989603831813016
7,6.999999999999983,84,0.9008904249149835,2.8468923775960455,-0.31667159810651435,0.3869355229914491
7,6.999999999999983,85,8.565389785358056,6.611924974653197,-0.11702473901367268,0.4861123434544548
7,6.999999999999983,86,7.654259359381047,6.723207813550371,-0.1346727820191748,0.4815217978276952
7,6.999999999999983,87,5.643493931427998,7.084174600878232,0.012276543625069003,0.4998492637552063
7,6.999999999999983,88,1.2552017968860323,7.918044973388158,-0.26289714543489434,0.42530587924714136
7,6.999999999999983,89,0.24844268197740807,6.069804747063161,0.07133139535190818,0.49488567572435327
7,6.999999999999983,90,8.602838179192327,7.457929496102522,-0.037974023899877994,0.498555888049526
7,6.999999999999983,91,0.8976137557313424,1.9991022525781885,-0.05048395917115424,0.49744484102903835
7,6.999999999999983,92,0.805327328553919,6.293962014217245,-0.08777097471624044,0.4922359759275637
7,6.999999999999983,93,0.5500263471904263,5.837459530871256,0.024056411149069968,0.4994209537881114
7,6.999999999999983,94,9.004681068308999,9.206816461840528,0.20542440863038497,0.45585174381464927
7,6.999999999999983,95,8.463536265964812,9.483942463233785,0.20013087608016847,0.4582004282400708
7,6.999999999999983,96,2.0996229138338114,0.27375684598616395,-0.2332671104573212,0.442251574535232
7,6.999999999999983,97,1.527015238468321,7.430068403978989,-0.1985793574356335,0.4588749707713975
7,6.999999999999983,98,5.493800359867607,6.879567247980894,-0.04899634198092535,0.49759356755537765
7,6.999999999999983,99,1.5702143777705773,5.260607106700942,0.303603857976625,0.3972715663393359
7,6.999999999999983,100,6.927991050007355,6.46452904764617,-0.13251634940560114,0.4821197124576142
7,6.999999999999983,101,8.483166770686656,9.206031037633782,-0.04550164763376824,0.49792529566453275
7,6.999999999999983,102,8.74050147009554,0.3610284578419985,0.1622625899977497,0.4729385286559154
7,6.999999999999983,103,5.720102275363617,5.031223732755453,0.22537982290309377,0.44632268083548043
7,6.999999999999983,104,8.616425294720306,5.192818158030545,0.14963982726400088,0.4770827203917576
7,6.999999999999983,105,9.664927260339065,2.581144057615827,-0.3124120643643534,0.3903827635021852
7,6.999999999999983,106,3.3272002596010473,0.2654262895537385,-0.3763408139347326,0.32919233248504276
7,6.999999999999983,107,6.204066794016198,7.777968329475093,0.2739237101199666,0.41828913568740045
7,6.999999999999983,108,0.8457893613452298,5.119176005280435,0.305069895214996,0.39614689072806236
7,6.999999999999983,109,7.704789934643208,8.80038846382907,0.1749852390626358,0.4683803647786617
7,6.999999999999983,110,0.4120837305270591,2.4529492306088683,-0.19316600064921136,0.46117989569493256
7,6.999999999999983,111,3.791877178849089,7.478439113120056,0.27324733871791834,0.41873128839815066
7,6.999999999999983,112,0.9005132873836763,9.856311959344763,0.05732049988090376,0.4967034933372256
7,6.999999999999983,113,2.4413087947329144,4.504126637043461,-0.07732745199680725,0.49398427623526786
7,6.999999999999983,114,1.0008602533720543,4.89378212648852,0.020018642565064814,0.4995990932236088
7,6.999999999999983,115,4.267033017618706,7.57110464713895,0.14530160104330228,0.4784218271925446
7,6.999999999999983,116,3.418803948663321,2.719602290533241,-0.20119164602063702,0.45773564594808075
7,6.999999999999983,117,9.478860047463733,0.7860485721482917,-0.04987387561658867,0.49750637838220835
7,6.999999999999983,118,4.65985264986851,0.9597994627724147,-0.18100502407758615,0.46608709621558125
7,6.999999999999983,119,8.96371233710939,3.0446762025759306,0.05004548845249971,0.49748914469116884
8,7.99999999999998,0,3.642459225787806,3.0040954035809353,0.05776035042801092,0.49665253640591966
8,7.99999999999998,1,0.2075082245016746,2.924043180514916,-0.1284833335674633,0.48321013337407565
8,7.99999999999998,2,4.977509252733004,6.8957170438662105,0.013732559145942274,0.49981138124226737
8,7.99999999999998,3,9.452469840413757,7.617577320415329,0.10001521351873195,0.4898948428640604
8,7.99999999999998,4,5.100761361468759,3.8377201596206536,0.31366431366594233,0.3893773212867866
8,7.99999999999998,5,8.480141512392793,8.966461942924257,0.20466179971512824,0.45619463799716536
8,7.99999999999998,6,1.7782883353631238,1.0917928784890736,-0.23451413484783046,0.4415915766367986
8,7.99999999999998,7,4.93154460423837,7.1942357698405175,0.11588528226740137,0.4863852396545404
8,7.99999999999998,8,3.657064431618539,6.889195492185547,0.18825302541806418,0.4632070794158329
8,7.99999999999998,9,2.4533486005144782,5.860124754011355,0.4011402040442596,0.29847367840285316
8,7.99999999999998,10,8.345267614421449,6.136375284264311,-0.17413445898653754,0.4686973332476577
8,7.99999999999998,11,3.8537771303209887,3.432674534704095,0.33099644148198787,0.3747550609748466
8,7.99999999999998,12,9.655646617479558,0.586924195724521,-0.17083465461408592,0.46991011989835463
8,7.99999999999998,13,5.221564425001094,5.448784114115146,0.09174278220333369,0.4915112022259429
8,7.99999999999998,14,0.3300355518013167,3.1268380422056894,0.09844869401087705,0.49021205069597457
8,7.99999999999998,15,4.523230146081064,4.522484892621323,0.05630100826488804,0.49682008460644683
8,7.99999999999998,16,3.9572396994750307,0.6530292666843793,-0.15599241937247743,0.4750435402132326
8,7.99999999999998,17,4.006734388428429,2.2133664036474565,-0.202244004104811,0.4572716509949564
8,7.99999999999998,18,1.4524358639733888,8.770853368230663,-0.06112564705912502,0.496249589694141
8,7.99999999999998,19,3.9754098177119883,4.19741254742894,0.3397506936433351,0.3668371112208697
8,7.99999999999998,20,4.022851920077978,1.32435617670388,0.014258008067910367,0.4997966678619771
8,7.99999999999998,21,5.706654120654924,5.318730608585233,0.19467636214853642,0.46054436704905194
8,7.99999999999998,22,9.30556398861816,8.663968109824001,-0.12398908769711685,0.4843828094926952
8,7.99999999999998,23,2.9074680775192774,0.4429344617452592,-0.2188566172893474,0.44955731677803235
8,7.99999999999998,24,0.4900208838293898,1.536441455864518,-0.019713635247258162,0.49961122143656667
8,7.99999999999998,25,4.396010069057839,0.5962006533578578,-0.15402043663893694,0.475686561821491
8,7.99999999999998,26,0.6607814648114566,1.4181654480893284,-0.21120766312638073,0.45320119487562394
8,7.99999999999998,27,1.6435438484853546,4.4156973013474135,0.1783903679749032,0.4670940768343982
8,7.99999999999998,28,8.84212508625246,1.7515687219522982,0.07986809912071441,0.4935798686563744
8,7.99999999999998,29,9.926567390240384,8.239122127735744,0.19381672810791545,0.4609067974173764
8,7.99999999999998,30,2.1173827237919545,3.699123112449629,0.2714671855997957,0.4198875648819884
8,7.99999999999998,31,4.227377151352515,0.023086352276935784,-0.0580028685708553,0.49662427169596945
8,7.99999999999998,32,9.16684120731115,6.089542050488675,0.11308461030219862,0.48704401332199937
8,7.99999999999998,33,4.5203798915996405,8.883308511910466,-0.07307325427178263,0.4946314784868947
8,7.99999999999998,34,8.245900239091302,2.617552746911301,-0.08221342010430234,0.49319464063871726
8,7.99999999999998,35,3.896832537533274,7.626249956280627,0.09323698792954767,0.49122995031026495
8,7.99999999999998,36,0.1772821389103655,7.757631500153396,0.00607687691459494,0.49996307020315495
8,7.99999999999998,37,5.466617847579872,3.7516495915651022,0.16647330688325956,0.4714728391915616
8,7.99999999999998,38,4.543707715908547,2.1683736868708463,-0.029967505697750873,0.49910114065413164
8,7.99999999999998,39,8.537215377062699,1.8582619714670108,-0.18848260506990497,0.46311370913206856
8,7.99999999999998,40,6.307851482118162,5.197512528270221,0.2869042878619369,0.40949472476020354
8,7.99999999999998,41,8.3589808037217,5.178384330696299,0.16368343288898568,0.4724486573138683
8,7.99999999999998,42,7.863871363106012,3.5579780052846406,-0.4402654818874485,0.2369943152449289
8,7.99999999999998,43,9.0168027986672,4.695477173758622,-0.16958932340448582,0.47036099050326097
8,7.99999999999998,44,4.604429866049576,6.015585841053905,0.06316076895796738,0.49599467463334546
8,7.99999999999998,45,6.5114325473717365,4.714075442306859,0.05798820687249255,0.49662598387892776
8,7.99999999999998,46,2.939458599180095,3.700286207938011,0.182962974972893,0.4653219850695522
8,7.99999999999998,47,4.5966595617744845,6.930515248685583,0.15060004496257093,0.47678048036520077
8,7.99999999999998,48,1.211303681049667,9.62793172011994,-0.28616950235754957,0.4100085559112547
8,7.99999999999998,49,2.113095975941795,0.36794254537681303,-0.14313175673716527,0.47907546400680234
8,7.99999999999998,50,7.84831590923654,7.758251947419163,0.19153807200588846,0.46185838410953106
8,7.99999999999998,51,9.157710526992208,9.910181135636696,0.015435004768964096,0.49976170384272345
8,7.99999999999998,52,9.0453574477863,6.778488842840232,-0.13548319084323912,0.4812944057424047
8,7.99999999999998,53,4.81098037514143,4.847628634724376,-0.026796974252892368,0.49928140579325586
8,7.99999999999998,54,0.7499960462246666,6.107718424150096,0.31123185642109197,0.39132433038169356
8,7.99999999999998,55,2.345442084356759,4.3709317745818055,0.33477394450670944,0.3713844451231347
8,7.99999999999998,56,1.2864013923774296,0.967975427445824,-0.2204725557220669,0.4487670355244245
8,7.99999999999998,57,6.772785332862115,4.067693431115388,0.18297303387777328,0.4653180298178475
8,7.99999999999998,58,5.579696768349423,6.799473494038052,0.35514133307277207,0.35195828381115624
8,7.99999999999998,59,7.969418551187964,8.078518555443319,0.05251519596207614,0.49723450623731325
8,7.99999999999998,60,3.5940628611617345,1.338979065095509,-0.11515924223215125,0.4865576522145312
8,7.99999999999998,61,8.514606988818972,7.051512371749235,0.0645696274877926,0.4958132341982086
8,7.99999999999998,62,5.362400528910541,6.397540894379905,0.2066274048390445,0.4553077152536311
8,7.99999999999998,63,1.6372911222939373,5.484414956232035,0.1667420643334159,0.47137785690657025
8,7.99999999999998,64,4.078188888760947,6.053370660568749,0.04092435360113335,0.4983223828831386
8,7.99999999999998,65,5.373185567251173,8.472320613705092,0.07030696467118251,0.4950322522005259
8,7.99999999999998,66,9.830022249760747,1.0503597730513092,0.08245221469416561,0.4931547751893185
8,7.99999999999998,67,8.038806352027352,1.009085351287168,0.13977764605546902,0.4800647973588482
8,7.99999999999998,68,3.8538587559462725,2.2280663906632032,-0.1927569393455192,0.4613510185684517
8,7.99999999999998,69,8.162246588285829,8.494652991419697,-0.01212083511552575,0.4998530637658453
8,7.99999999999998,70,2.137658325192378,8.261076767699722,-0.10315361133964539,0.4892436330373543
8,7.99999999999998,71,2.260524060956277,4.966255771614816,0.21528148813625617,0.45128026864226956
8,7.99999999999998,72,2.8488900082400566,0.8166401705148054,-0.22576117777510038,0.4461299032900614
8,7.99999999999998,73,1.4648252235562,0.8985334287634495,-0.2556332554952799,0.42971111073008683
8,7.99999999999998,74,4.558766510131006,4.707667773154727,-0.02562020853673374,0.4993431734934746
8,7.99999999999998,75,0.8864484454612163,7.557074502006492,0.31522644159150687,0.38811375976839096
8,7.99999999999998,76,1.5280074469017584,1.7661523894867353,-0.11486946298758968,0.48662614651592934
8,7.99999999999998,77,0.5475761881642549,0.42914086038136023,-0.1266489960380501,0.483694151094009
8,7.99999999999998,78,3.9911680113464802,6.817070671247974,0.02724432307900384,0.4992571951008487
8,7.99999999999998,79,1.1019436936679567,1.7966416193779415,0.029752747802328297,0.4991139889826883
8,7.99999999999998,80,2.8954596001566855,3.316676256778489,0.31431231793715736,0.38885442879433857
8,7.99999999999998,81,4.081792170764601,9.803700243596401,-0.20631237942750016,0.45545054846268784
8,7.99999999999998,82,5.098757022722127,5.799671000056285,-0.07229635237276284,0.4947456290191894
8,7.99999999999998,83,2.9134990775905747,3.0229429120476077,0.3394087735543464,0.36715348893117494
8,7.99999999999998,84,0.7124304830167922,3.2912363535312577,0.05049516483332118,0.4974437036775677
8,7.99999999999998,85,8.626803213847557,7.093329586406163,0.08767471524172668,0.49225313031740303
8,7.99999999999998,86,7.765691053830952,7.185182736982521,-0.07126346027945477,0.4948954629303026
8,7.99999999999998,87,5.748443711715485,7.558510217443108,0.07677037612242657,0.4940711581847509
8,7.99999999999998,88,1.325210909290197,8.387719219860783,-0.051902470749270326,0.49729883724991875
8,7.99999999999998,89,0.4469682957677714,6.5107301692174095,0.22016196178276776,0.448919492319016
8,7.99999999999998,90,8.714631731647867,7.926620901109283,0.012928056448446834,0.49983283741313533
8,7.99999999999998,91,0.7839411241819754,2.4777082798638803,-0.04575636975008632,0.4979019528253463
8,7.99999999999998,92,1.0118474199065373,6.717770425762599,0.16718913138227154,0.47121947577285217
8,7.99999999999998,93,0.7997597452775393,6.243842034542686,0.4198574414072287,0.2715137729379038
8,7.99999999999998,94,9.173180167297158,9.662065716962951,-0.07789665470035845,0.4938948381857145
8,7.99999999999998,95,8.601213759012031,9.945883896751193,0.1816591181866867,0.4658325501504112
8,7.99999999999998,96,1.996116174906443,0.7496055668788413,-0.07629521538170339,0.4941447562302564
8,7.99999999999998,97,1.6186370605929812,7.898743249341017,0.004404204023067667,0.49998060261066446
8,7.99999999999998,98,5.618430041670982,7.351986700560512,0.08448848050256874,0.4928100005705719
8,7.99999999999998,99,1.8581085164597166,5.648031097738731,0.15979748125551996,0.47377712585602083
8,7.99999999999998,100,7.0633096314550246,6.905713108442502,0.13527519971322158,0.4813529062367319
8,7.99999999999998,101,8.665179633825511,9.651482046386926,0.022738168144381933,0.4994827081185472
8,7.99999999999998,102,8.827643034506215,0.8303035704963354,-0.020841854278728197,0.499565428257625
8,7.99999999999998,103,5.8518839912484895,5.503769338298438,0.1581055780268293,0.47434441727167204
8,7.99999999999998,104,8.572772654037447,5.672788166544132,-0.24494313341356178,0.4358931765852111
8,7.99999999999998,105,9.49543893756663,3.041054422217403,-0.283388548060106,0.4119355906308473
8,7.99999999999998,106,3.149376087896249,0.7167263741947221,-0.06356857817777124,0.495942573155861
8,7.99999999999998,107,6.305396091762314,8.247447159560027,0.278995631448762,0.4149234117671677
8,7.99999999999998,108,1.1339480659856525,5.518178589959015,0.23598546598598036,0.4408070551197879
8,7.99999999999998,109,7.889871888795264,9.244695163131992,0.18137939659809538,0.4659415354845614
8,7.99999999999998,110,0.22790291240912133,2.903737173002204,0.0522379530945538,0.49726370896787875
8,7.99999999999998,111,3.8316798589192578,7.952616524431393,-0.2441975036011249,0.43631133292063196
8,7.99999999999998,112,0.8979839670186,0.33336040935807343,0.030044686059097228,0.4990965005283149
8,7.99999999999998,113,2.682963546691566,4.9216072753934,0.14979598555426,0.4770337123430879
8,7.99999999999998,114,1.2993375691076396,5.2761181921918086,0.3970809615142569,0.3038531059622613
8,7.99999999999998,115,4.302492575657634,8.04395502821087,-0.07489179948794093,0.4943594020239304
8,7.99999999999998,116,3.4716413259393244,3.1769624393801976,0.12754802576139276,0.48345785868508856
8,7.99999999999998,117,9.522275827277209,1.2618423798313922,-0.11383981586064494,0.4868680481658398
8,7.99999999999998,118,4.422342280886995,1.3863728990830229,-0.08042022752013091,0.49349020963501433
8,7.99999999999998,119,8.74791259553222,3.4680532931210575,-0.007350931815340337,0.49994596088121984
9,8.999999999999993,0,3.801462331220349,3.459472532047422,0.11428141653403062,0.48676458153297825
9,8.999999999999993,1,0.2692000491066676,3.401464779549024,0.04927137879599449,0.49756640886573283
9,8.999999999999993,2,5.00499385715709,7.372983730379956,0.02544865415096719,0.49935194602795374
9,8.999999999999993,3,9.55901283994983,8.088165838630035,0.20882583821770553,0.45430360915655593
9,8.999999999999993,4,5.176970910478627,4.31799134757179,-0.072044105677429,0.49478242373505893
9,8.999999999999993,5,8.542113337667393,9.448661572304095,0.11822850855574742,0.4858209750151629
9,8.999999999999993,6,1.678713720030524,1.5684335613446652,-0.01390444540245311,0.4998066290057087
9,8.999999999999993,7,4.948311645088597,7.673950617484482,-0.1569531698083165,0.4747269767846796
9,8.999999999999993,8,3.698784084338886,7.366615631754645,-0.22783792546547887,0.44507289259130006
9,8.999999999999993,9,2.6085818743179314,6.319896416138602,0.053536457283348236,0.49712558548273117
9,8.999999999999993,10,8.445710314756383,6.610909020091727,-0.02282917233278037,0.4994785569877852
9,8.999999999999993,11,3.9654718796444826,3.9021786941797147,0.13297255940657646,0.4819940854874305
9,8.999999999999993,12,9.5294389047472,1.0604658250473835,-0.25345905811572345,0.43099710655535767
9,8.999999999999993,13,5.2168689345629495,5.924293831057161,0.03373039243851393,0.49886096322116025
9,8.999999999999993,14,0.4062528008147026,3.615926403069342,0.109443406448724,0.48787512827044116
9,8.999999999999993,15,4.561114283582421,5.004007784377368,-0.21962028295452765,0.44918474074146064
9,8.999999999999993,16,3.9728515835189455,1.1285958681257282,0.31973327672768714,0.3844094584593052
9,8.999999999999993,17,4.078218204065131,2.6851050638736247,0.1779971050073502,0.46724408033596565
9,8.999999999999993,18,1.4644355125670039,9.250372722553298,-0.19763283373595075,0.4592834234212008
9,8.999999999999993,19,4.016253030781355,4.669270583885672,-0.13946694280426117,0.48015515395008823
9,8.999999999999993,20,4.074811588168415,1.8016770949911844,0.2773943539614803,0.4159956398693296
9,8.999999999999993,21,5.7337178740555075,5.789812307046407,-0.19151280380576607,0.46186886231749175
9,8.999999999999993,22,9.453684521690771,9.12946451614096,0.25645918252039435,0.42921869449148065
9,8.999999999999993,23,2.830117099555233,0.9198379934428834,0.1157035820126616,0.4864284953715595
9,8.999999999999993,24,0.3614495184900258,2.0053637849491497,-0.2475062553247417,0.434442923265098
9,8.999999999999993,25,4.447151051885874,1.076663369955223,0.3013243403561051,0.39900331064912
9,8.999999999999993,26,0.5057050376185344,1.8828785281830045,-0.17629490936221168,0.46788898783041427
9,8.999999999999993,27,1.8146657976529823,4.85882845925197,0.18061126993881418,0.46623981937527476
9,8.999999999999993,28,8.703522711866928,2.2235403164694008,-0.05013350283854934,0.49748028291896873
9,8.999999999999993,29,0.05599823364797289,8.70681692117744,0.26787536936665707,0.42218809372917787
9,8.999999999999993,30,2.2699939047178983,4.138243258435903,0.2534822330320284,0.43098347710451324
9,8.999999999999993,31,4.210864863483385,0.49155411185002185,0.3052952310910544,0.3959732590378544
9,8.999999999999993,32,9.273211849257216,6.560035756647225,0.032930893905944114,0.4989143776506701
9,8.999999999999993,33,4.485368068835907,9.357265363464276,-0.20130877432719965,0.45768414586795625
9,8.999999999999993,34,8.211229309954177,3.093916146237163,0.07840017208701935,0.4938151607805554
9,8.999999999999993,35,3.8661116410933927,8.113126358390307,-0.2006111583482965,0.45799035267803917
9,8.999999999999993,36,0.26820331880087805,8.239503792937613,0.08660624761152635,0.492442238109863
9,8.999999999999993,37,5.5238520246461595,4.229347438258585,-0.0018676900104435286,0.49999651172185683
9,8.999999999999993,38,4.587003674765839,2.6496237040344406,0.24043308993918266,0.43839699960457856
9,8.999999999999993,39,8.406319247240072,2.320494408208693,0.08547596152884156,0.4926396857752327
9,8.999999999999993,40,6.326210355851948,5.671265357613242,-0.16403139840460063,0.472327958454114
9,8.999999999999993,41,8.460256393921355,5.637682699232237,0.2386057220222852,0.43939425282794037
9,8.999999999999993,42,7.878281762857853,4.027861026961617,0.0751003405500184,0.494327764594779
9,8.999999999999993,43,9.121298691455014,5.144374024969736,0.23531117329541396,0.44116737381898
9,8.999999999999993,44,4.654034497368444,6.493269270726737,-0.129546758028344,0.4829261201098421
9,8.999999999999993,45,6.52791179037327,5.194669156826804,-0.12301337532349779,0.48463151929225595
9,8.999999999999993,46,3.0992537669826383,4.152127841782758,0.1664504119257575,0.4714809225936354
9,8.999999999999993,47,4.622852898992801,7.4057668878430425,-0.1769967491339296,0.46762394164116616
9,8.999999999999993,48,1.177681021574776,0.10999524812793042,-0.10700827638655952,0.4884150169525684
9,8.999999999999993,49,2.052675216405036,0.848493217040584,-0.09321236333622876,0.4912346234960183
9,8.999999999999993,50,7.973650856952158,8.222622281022707,0.04116102202398865,0.49830289008387335
9,8.999999999999993,51,9.153658143027954,0.39118950715706435,0.04368683537164458,0.4980878039213677
9,8.999999999999993,52,9.196903841732343,7.235040060826997,0.18177071694484584,0.4657890149642397
9,8.999999999999993,53,4.826019000392476,5.3283849990614875,-0.15914858450276528,0.4739954937030163
9,8.999999999999993,54,1.013508585998227,6.50677381827899,0.28066768769115974,0.4137942110350236
9,8.999999999999993,55,2.486963713183457,4.838260480572481,0.23656118239790044,0.44049836206563503
9,8.999999999999993,56,1.1524439366556798,1.4392857430662085,-0.16489986246381197,0.47202546049913013
9,8.999999999999993,57,6.828886528437825,4.523685202128301,0.2487653021552594,0.43372321178788953
9,8.999999999999993,58,5.616071204530275,7.288095841498652,0.08919506608678733,0.4919799184781567
9,8.999999999999993,59,8.154332078204975,8.52842650611759,0.33372167684539705,0.37233028671261265
9,8.999999999999993,60,3.6235217302579965,1.8164828933110135,0.16741678421602665,0.4711386424002646
9,8.999999999999993,61,8.623483099105593,7.522944778142605,0.06472329299252931,0.4957931981625032
9,8.999999999999993,62,5.3577940939049045,6.88029065116609,-0.03417165762232831,0.49883093109323356
9,8.999999999999993,63,1.8308707386362437,5.923847579191628,0.22876895917112175,0.44459505543782374
9,8.999999999999993,64,4.110735826171224,6.541261885822369,0.11964299241885516,0.48547456613612805
9,8.999999999999993,65,5.37801011374596,8.954320081630929,0.16153817870319748,0.47318645037791796
9,8.999999999999993,66,9.642920473248092,1.5004951512737217,-0.20380688628089177,0.4565772148328119
9,8.999999999999993,67,7.926202946671847,1.478319766169504,0.03033756036495782,0.4990787837918003
9,8.999999999999993,68,3.9246980724125535,2.705741404109682,0.1085478396745346,0.4880751648076263
9,8.999999999999993,69,8.2872254482518,8.966707486429863,0.22072103017915765,0.44864487831318367
9,8.999999999999993,70,2.1478414174554943,8.747581545025083,-0.017823049808835662,0.49968223792277405
9,8.999999999999993,71,2.417492810584633,5.424834669635545,0.16256146708412833,0.472835880004316
9,8.999999999999993,72,2.8323175042351862,1.3018362435751798,0.13556966268040405,0.48127005574907883
9,8.999999999999993,73,1.4071708490984072,1.38952467049695,-0.048697514038515154,0.49762290152932936
9,8.999999999999993,74,4.573335560691302,5.1821622517107535,0.03827816214240839,0.4985326291257168
9,8.999999999999993,75,0.9898056385630091,8.033924330563934,0.14624823790107752,0.478133300357578
9,8.999999999999993,76,1.4014199896309556,2.230999314313757,0.031603446065968425,0.49900022264198984
9,8.999999999999993,77,0.39469311955684566,0.8956188155370044,-0.2882645956683961,0.40853827591075986
9,8.999999999999993,78,4.026580774976856,7.302470172785059,-0.19290789891572063,0.46128791717963097
9,8.999999999999993,79,1.0032446256818996,2.2770791797677976,-0.004190060820134252,0.49998244308207823
9,8.999999999999993,80,3.049083898175191,3.7794949239622246,0.22215838577473856,0.4479348743176428
9,8.999999999999993,81,4.078524790079611,0.28063834347415345,0.14089887259796002,0.47973691509057736
9,8.999999999999993,82,5.116258372072249,6.279788745259915,-0.0838038029201457,0.4929268937845868
9,8.999999999999993,83,3.079519503516168,3.469748504554078,0.11250413062299726,0.4871784278811651
9,8.999999999999993,84,0.7825024578074922,3.7737164454379237,0.12571772192466302,0.4839370355677205
9,8.999999999999993,85,8.78171220721269,7.553647036313576,0.19964548072941027,0.4584121311923613
9,8.999999999999993,86,7.895161958873432,7.642004734083245,0.16316165135905408,0.47262910990097345
9,8.999999999999993,87,5.767220406848421,8.050188482283293,-0.05463109457664259,0.4970064823574819
9,8.999999999999993,88,1.3798796112866776,8.867955565001777,0.11236552329600495,0.4872104157080542
9,8.999999999999993,89,0.7477293872914368,6.884533274767294,0.07566741597904111,0.49424127929489536
9,8.999999999999993,90,8.86295100326565,8.385879064284056,0.3123336707984179,0.39044548670151835
9,8.999999999999993,91,0.820789352736466,2.9600685804672753,0.16538899878599966,0.471854298571672
9,8.999999999999993,92,1.2684489588596446,7.122207353390447,-0.005298858521995536,0.499971921309951
9,8.999999999999993,93,1.111258563330031,6.609780384389981,0.23020994234311024,0.4438506307829041
9,8.999999999999993,94,9.190850580413667,0.14545985453868476,-0.05335642386964688,0.4971449406680536
9,8.999999999999993,95,8.591757148720252,0.4300061011191467,-0.051556618779530466,0.49733481183205164
9,8.999999999999993,96,1.8883895792948093,1.2247890602475926,-0.10019380064826962,0.48985834923134136
9,8.999999999999993,97,1.64802430102439,8.38475983185621,0.16975003986539758,0.4703030129243231
9,8.999999999999993,98,5.627912006982991,7.838981873905112,-0.027096341351630665,0.49926524842547965
9,8.999999999999993,99,2.081042021143232,6.069363724329675,0.029679836289155524,0.4991183299758174
9,8.999999999999993,100,7.1697588901189935,7.351078778201728,0.4160181683826187,0.27736056600672543
9,8.999999999999993,101,8.721065040250913,0.13064816444352684,0.06099069336265597,0.49626619401601646
9,8.999999999999993,102,8.709915115238044,1.3059747164392497,0.021862297470616344,0.499521811284859
9,8.999999999999993,103,5.875081951483902,5.983770537656717,0.044278745918650234,0.4980355335313652
9,8.999999999999993,104,8.666429667536804,6.149908432377563,0.15244798527947637,0.4761928304628584
9,8.999999999999993,105,9.577604483018833,3.5127131572680543,-0.031643323867028325,0.49899769544021577
9,8.999999999999993,106,3.1408559001836,1.2024745229817182,0.03070745242886676,0.49905616153427945
9,8.999999999999993,107,6.27403480066026,8.736250218757027,-0.16119933699447705,0.47330199001540335
9,8.999999999999993,108,1.3816011239910917,5.927771149257572,0.11455653666833139,0.4866999074445743
9,8.999999999999993,109,7.917585769948829,9.72729626261804,-0.158566970749211,0.47419037926493074
9,8.999999999999993,110,0.30067949306609826,3.3828152568878775,0.13375916808860214,0.4817763848013361
9,8.999999999999993,111,3.7781224788744496,8.42792138314398,0.03827796447254158,0.4985326443030976
9,8.999999999999993,112,0.8059018490123452,0.8095380279807648,0.034956217016251144,0.4987765661014086
9,8.999999999999993,113,2.8300098533981446,5.373101049910406,0.26459372903089123,0.42425247030220964
9,8.999999999999993,114,1.5217605241958183,5.698142199395077,0.16406154681867832,0.47231748734877754
9,8.999999999999993,115,4.23564921315586,8.510509273108866,0.17855020821426174,0.4670330000617127
9,8.999999999999993,116,3.60140050386773,3.6425619026851854,0.3110601538665645,0.3914608290448858
9,8.999999999999993,117,9.342038489609727,1.714157788056614,-0.23694455070921,0.4402922664426558
9,8.999999999999993,118,4.4782665751704664,1.8654853643701677,0.04404803626388234,0.49805599133159284
9,8.999999999999993,119,8.789104569465898,3.9348176663170267,-0.03665264395689829,0.4986547740581342
10,10.000000000000007,0,3.9231688997634935,3.924066454668148,0.14132684279916252,0.4796110127013566
10,10.000000000000007,1,0.3960309777606187,3.873117410107034,0.1037501970552755,0.48911746708841985
10,10.000000000000007,2,4.897772728403735,7.845909136221909,0.0682675045746091,0.49531762316634337
10,10.000000000000007,3,9.638502240620292,8.56443524337404,0.11326260879297038,0.4870026503515258
10,10.000000000000007,4,5.0893900146056374,4.768396428867892,-0.2563776256591423,0.42926741439501404
10,10.000000000000007,5,8.51040459569081,9.927514558657645,-0.03982138689464397,0.498411734558675
10,10.000000000000007,6,1.7071058994361783,2.0573086616263683,0.10665329626202738,0.4884926554170945
10,10.000000000000007,7,4.821586305542781,8.14616228099952,0.005356970570433573,0.49997130204273477
10,10.000000000000007,8,3.6088084174697177,7.8445048984103,-0.011586259881698256,0.4998657405563556
10,10.000000000000007,9,2.613652298322221,6.805968942481843,-0.0864390097929586,0.49247162109710724
10,10.000000000000007,10,8.517959518270157,7.096467594602216,0.12084408456349102,0.4851769854661408
10,10.000000000000007,11,4.048415185460075,4.380589252886206,0.182585042446754,0.4654704096660893
10,10.000000000000007,12,9.36542841405836,1.516771047671566,-0.3165991878655184,0.38699477288833534
10,10.000000000000007,13,5.195534665513207,6.412912131751103,-0.0267410860252328,0.49928440223803416
10,10.000000000000007,14,0.5326842138318048,4.08440754406653,0.06554823076514654,0.4956848085664509
10,10.000000000000007,15,4.540329299632792,5.4820719863863365,0.19650723659383035,0.4597661426924088
10,10.000000000000007,16,4.065619771245212,1.6070734768409578,0.1456247173426019,0.4783235742662986
10,10.000000000000007,17,4.20625025876967,3.1523659084740916,-0.04621575182733427,0.4978595226397043
10,10.000000000000007,18,1.4309408970506183,9.725856207813818,0.21399657705004627,0.45189098797261223
10,10.000000000000007,19,4.036592964575719,5.157295856674754,-0.0958979139728069,0.4907174238761694
10,10.000000000000007,20,4.148810453177525,2.282791497772376,-0.15261803999808374,0.47613835580337704
10,10.000000000000007,21,5.7113004591682985,6.277149521165169,0.12274121089153509,0.48470052109408723
10,10.000000000000007,22,9.50574620014294,9.598808269360966,-0.0946100341869999,0.49096735271414405
10,10.000000000000007,23,2.931474975594949,1.398165287692747,0.06889327424391135,0.4952309731468269
10,10.000000000000007,24,0.23643811917999505,2.475498558839415,-0.22839693885134224,0.4447862838750047
10,10.000000000000007,25,4.607270293639397,1.5360146066739708,0.0905837298981803,0.49172613096899126
10,10.000000000000007,26,0.43262747837134446,2.3669197794757384,-0.0014519614296888827,0.49999789180356224
10,10.000000000000007,27,1.884075313600545,5.340570799848518,0.09598738269834302,0.49069993108082033
10,10.000000000000007,28,8.580625554770126,2.6904662977909224,-0.12135672566658064,0.48504901312701
10,10.000000000000007,29,0.11274480518394166,9.18255652309044,-0.044453718709993414,0.4980199462801192
10,10.000000000000007,30,2.3651867453558055,4.607463768705744,-0.06372696701461816,0.4959222455941231
10,10.000000000000007,31,4.3081622874788446,0.9691070108073188,0.03484788440262729,0.4987841466533005
10,10.000000000000007,32,9.344926348255152,7.0437034527644595,-0.035633128690711204,0.4987286638440899
10,10.000000000000007,33,4.475291700218718,9.840485065547055,-0.150332710746265,0.4768648404733566
10,10.000000000000007,34,8.160682742529398,3.5685870494111946,0.26915137951467194,0.42137576449690256
10,10.000000000000007,35,3.7673226100182315,8.589928179944739,-0.05366776497863019,0.49711142714908346
10,10.000000000000007,36,0.2840862081446209,8.723677706971523,-0.04146575984578437,0.4982776241819531
10,10.000000000000007,37,5.446654179329468,4.6734111994027545,-0.07768981606807299,0.4939274162053661
10,10.000000000000007,38,4.711329576919131,3.1204390884833817,0.0426541486201199,0.49817730137521593
10,10.000000000000007,39,8.292016441364426,2.784136634799456,-0.09810070768310156,0.49028180789427084
10,10.000000000000007,40,6.322762623964335,6.153523131469439,0.006693474116389493,0.4999551953968007
10,10.000000000000007,41,8.571520034337368,6.11659875445719,0.19739965464469006,0.4593836918591659
10,10.000000000000007,42,7.898011254085589,4.512175679179105,0.01574064729360604,0.49975217060336846
10,10.000000000000007,43,9.192456612511462,5.616995971286013,0.16055236573291212,0.47352184517460777
10,10.000000000000007,44,4.5644392998877095,6.970308315765849,0.0654605980125969,0.49569638904054286
10,10.000000000000007,45,6.4932688070944495,5.670485449472889,0.19849482180412764,0.4589115445452943
10,10.000000000000007,46,3.242614595103181,4.612093527128499,0.190392047647611,0.4623319891512481
10,10.000000000000007,47,4.520128738433242,7.87652940851719,-0.05031376335093106,0.497462084200863
10,10.000000000000007,48,1.1212143527756402,0.5799603414591985,-0.08455434848166686,0.49279870348129046
10,10.000000000000007,49,2.1283563383550845,1.3292827966780747,0.009496190350240392,0.4999098142353599
10,10.000000000000007,50,8.060920523477794,8.690022940402272,-0.25941830674322836,0.4274367112526441
10,10.000000000000007,51,9.007426343873846,0.8529857566521041,-0.10880145612517741,0.4880186913890093
10,10.000000000000007,52,9.260407219095775,7.723166966400317,-0.06493600385008759,0.49576538342645654
10,10.000000000000007,53,4.802950762062339,5.8153644940944975,-0.16920050789226884,0.4705009969479324
10,10.000000000000007,54,1.021172153695708,6.99699675985606,0.06709894791305045,0.49547727615801085
10,10.000000000000007,55,2.5842716584829466,5.306480228618037,-0.18037470524138324,0.46633139043933564
10,10.000000000000007,56,1.1593746121328827,1.9285443305901326,0.05822612445414927,0.4965981458191824
10,10.000000000000007,57,6.772033420615061,4.992921649349288,-0.09589866062247898,0.49071727796238707
10,10.000000000000007,58,5.493693473881997,7.760840388623747,-0.15815996689190945,0.47432628524334397
10,10.000000000000007,59,8.215867468977127,9.00960829336933,-0.009440830945001819,0.49991086276562136
10,10.000000000000007,60,3.705606643285625,2.2930708764189287,-0.07107866768851155,0.4949220372943866
10,10.000000000000007,61,8.716985387867387,7.998824652368393,-0.1712983074965038,0.46974130098260813
10,10.000000000000007,62,5.319675886594404,7.3699718028854795,0.007069139286325084,0.49995002477222716
10,10.000000000000007,63,1.8289524642083788,6.409605483390003,-0.0001709283051693178,0.4999999707835136
10,10.000000000000007,64,4.0072483748999295,7.012928161629639,0.07786445948709439,0.49389991491068574
10,10.000000000000007,65,5.308730362905584,9.434994661833771,-0.1608427432642055,0.47342329044866904
10,10.000000000000007,66,9.501248983319003,1.9673022473405295,0.0009283138891833149,0.4999991382325805
10,10.000000000000007,67,7.821655392055231,1.941004902849835,-0.22820912075936187,0.444882678019991
10,10.000000000000007,68,4.012551992024512,3.1857429963743233,-0.0812420739375417,0.4933555770662038
10,10.000000000000007,69,8.338472762477794,9.447130467868416,-0.128681066965313,0.4831575136585052
10,10.000000000000007,70,2.1043611748746756,9.234728582183772,0.08081463915542078,0.4934257736460258
10,10.000000000000007,71,2.4564988763640287,5.898604503879688,0.13288261764185066,0.48201888959733696
10,10.000000000000007,72,2.9736925236829537,1.7687094985376803,0.017152288476555543,0.4997057123948224
10,10.000000000000007,73,1.410709841728249,1.8772764173957182,0.10049175629582884,0.48979731207569904
10,10.000000000000007,74,4.59203152574645,5.672156084660188,0.09217469134113333,0.4914303880267955
10,10.000000000000007,75,0.9653968824583584,8.517520919697201,0.10915907431278003,0.4879388245417421
10,10.000000000000007,76,1.4087417994267386,2.7167907800417335,-0.08018795104435303,0.49352800579836237
10,10.000000000000007,77,0.2253806913375993,1.3522989831160424,-0.03323636236118811,0.49889412124918436
10,10.000000000000007,78,3.940054940311629,7.784017397577432,-0.1949420245223344,0.4604319787711683
10,10.000000000000007,79,0.9967421905754955,2.7686166671699413,0.050404705674169874,0.4974528778144723
10,10.000000000000007,80,3.145779979371646,4.249869976949865,-0.13388472682606317,0.48174150736957516
10,10.000000000000007,81,4.1848723740800855,0.746736999403624,-0.2457396317341611,0.4354446387259337
10,10.000000000000007,82,5.112886135419084,6.763709659378797,0.046720957349278884,0.4978123664036148
10,10.000000000000007,83,3.186554074611395,3.941599195204746,0.2219386229994008,0.4480438010073678
10,10.000000000000007,84,0.9045121397044533,4.243188201280916,0.06975751565558543,0.4951099766815053
10,10.000000000000007,85,8.832462224819345,8.0357641458638,-0.023635218185028426,0.4994410640519521
10,10.000000000000007,86,7.9622266477528045,8.1231159726552,-0.03624308166937718,0.49868470904079953
10,10.000000000000007,87,5.637229048419556,8.519458222356214,0.027459343045371162,0.49924541508111675
10,10.000000000000007,88,1.28939213974573,9.346582523925884,0.02981524312292292,0.49911025963961214
10,10.000000000000007,89,0.7772234929953046,7.361376892855702,0.1115619725793622,0.48739504129012395
10,10.000000000000007,90,8.931072074160543,8.853434859316534,0.015060277487078113,0.49977313657499856
10,10.000000000000007,91,0.91801447571375,3.437332640944128,-0.049801586190454904,0.49751361992704757
10,10.000000000000007,92,1.318930616978456,7.603390032170612,0.08989138338122916,0.49185316832750897
10,10.000000000000007,93,1.1139369463713926,7.0914819748155455,-0.11815380286066594,0.4858391491734305
10,10.000000000000007,94,9.083167703412625,0.6124922597686935,0.03378490008615851,0.49885727470506863
10,10.000000000000007,95,8.511941599254254,0.9073499258724702,-0.0634135821442499,0.49596241551112974
10,10.000000000000007,96,1.9883237792733057,1.7027851129562168,0.1397738543594496,0.4800659013484537
10,10.000000000000007,97,1.6022282206454372,8.86997747233793,0.18363972094194583,0.46505532239978103
10,10.000000000000007,98,5.49476181397522,8.312499775613073,-0.1885395888227795,0.46309051323314454
10,10.000000000000007,99,2.1476425197694144,6.553433182058682,0.08568215177182657,0.49260386607064877
10,10.000000000000007,100,7.193548423795342,7.834281662006112,-0.27421172872739485,0.41810038008633005
10,10.000000000000007,101,8.608475765147622,0.6002240249200301,-0.25912011924573825,0.4276175438427128
10,10.000000000000007,102,8.583405919574144,1.776725355011471,-0.10325065302580295,0.48922316242155306
10,10.000000000000007,103,5.9173331700435545,6.473956998563145,-0.03364866628224851,0.4988664823952656
10,10.000000000000007,104,8.7486484642104,6.631732180761313,0.025117812980782493,0.499368696927493
10,10.000000000000007,105,9.72173724839858,3.9749816413967753,0.3219743079993993,0.3825343709894681
10,10.000000000000007,106,3.290245448292371,1.661760411423926,-0.08036630380899931,0.4934989941348205
10,10.000000000000007,107,6.2265293172965634,9.215140866954705,-0.20714820149267055,0.45507100832546116
10,10.000000000000007,108,1.425084951197175,6.414899360075245,-0.06690480447482387,0.4955035288857038
10,10.000000000000007,109,7.8924577115780155,0.2072071067137548,-0.270749982446703,0.42035038599376834
10,10.000000000000007,110,0.4252105209310365,3.854821217663052,-0.057286473825208024,0.4967074188258856
10,10.000000000000007,111,3.6702389062536676,8.897709532393534,-0.23697748850113162,0.4402745392862232
10,10.000000000000007,112,0.7578515710079269,1.2865225855204556,0.12265430008120862,0.48472252131666915
10,10.000000000000007,113,2.9135743644978,5.846805830058958,0.02994640732357937,0.499102407015244
10,10.000000000000007,114,1.5465446885177152,6.182148757424721,0.1500184927770395,0.47696378460518923
10,10.000000000000007,115,4.1524162126947415,8.992309813672863,-0.17565382168949875,0.46813004061464997
10,10.000000000000007,116,3.7138991715468928,4.112302887572489,0.005572751464334365,0.4999689434766091
10,10.000000000000007,117,9.190885196079188,2.181501230775795,-0.14206037476937988,0.47939425311572453
10,10.000000000000007,118,4.58795047081286,2.335139666675375,-0.16521086083257994,0.47191669970764744
10,10.000000000000007,119,8.867515202379472,4.410165851121887,-0.0011176232730471854,0.4999987509166593
11,11.000000000000021,0,3.8745909565475327,4.410180464901844,0.09051279926710003,0.491739192223717
11,11.000000000000021,1,0.3312762874896295,4.346980612666025,-0.15915351709957742,0.47399383750723434
11,11.000000000000021,2,4.79807869042968,8.319439901331686,-0.3413060744489283,0.36539042618035655
11,11.000000000000021,3,9.584756347723584,9.050147336693477,-0.12404653235864156,0.4843681015609889
11,11.000000000000021,4,4.9897447538821345,5.243757446690028,-0.25792336071272853,0.4283404487071607
11,11.000000000000021,5,8.251617585015245,0.33424373199851093,-0.43050296426401685,0.2542974592084919
11,11.000000000000021,6,1.5380320698930778,2.507759491807896,-0.26824277236362976,0.42195475477197064
11,11.000000000000021,7,4.6914235323295275,8.616988261445494,-0.047283825992459505,0.49775921869867445
11,11.000000000000021,8,3.370288988370682,8.273030281000908,-0.06469759609207947,0.4957965520855366
11,11.000000000000021,9,2.7520492492149433,7.263351222021095,0.05652010393880569,0.49679520715355796
11,11.000000000000021,10,8.421532540071048,7.574232871217161,-0.17880616998465412,0.46693506355318715
11,11.000000000000021,11,4.046202120900733,4.863877043862986,-0.09280861285321021,0.4913110637674089
11,11.000000000000021,12,9.185691855482403,1.9683042586920465,-0.33025404692905896,0.37540946243665585
11,11.000000000000021,13,5.130586493614986,6.889417821096288,-0.23162455347579194,0.44311405555132183
11,11.000000000000021,14,0.40462176777775005,4.547570212437353,-0.3893303789310643,0.3137225781504956
11,11.000000000000021,15,4.522242063236301,5.96418969523898,-0.2797925816458941,0.4143864274513895
11,11.000000000000021,16,3.8661589141336905,2.0491546702002505,-0.11858567722386976,0.485733916004798
11,11.000000000000021,17,4.032217562844089,3.604199134417119,-0.32093016388952395,0.38341078480637886
11,11.000000000000021,18,1.484942540940492,0.20593218215589318,0.19634488645088397,0.4598354983737005
11,11.000000000000021,19,4.029120392467476,5.63726349115838,0.06664574932158772,0.4955384385669432
11,11.000000000000021,20,3.994084252365942,2.741692658622521,-0.32179038691361733,0.38268909951811336
11,11.000000000000021,21,5.653895820174415,6.758944311064166,-0.21507263981481464,0.4513798396063862
11,11.000000000000021,22,9.446068439085693,0.07915580803356953,-0.20978176561928313,0.45386298682934717
11,11.000000000000021,23,2.8361348329498064,1.8676802246582958,-0.32976122134253355,0.37584243626642344
11,11.000000000000021,24,0.10114703021232735,2.9341951137004196,-0.26522542379556013,0.42385784712856917
11,11.000000000000021,25,4.458575629555507,2.0038032090904077,-0.18194278700891986,0.46572182926659866
11,11.000000000000021,26,0.300064952925893,2.8216124204891804,-0.2069277149644906,0.4551713092667139
11,11.000000000000021,27,2.0043518654832937,5.806465566284031,0.06691250725427253,0.4955024887656438
11,11.000000000000021,28,8.485319037298591,3.1681562746689327,0.018837509222804485,0.4996450222370686
11,11.000000000000021,29,0.12651994914588455,9.669767468510027,0.0031830862495683195,0.4999898678592675
11,11.000000000000021,30,2.4534107432254255,5.088323615974346,0.07423833516304011,0.4944579553331306
11,11.000000000000021,31,4.116219725552835,1.413111098996617,-0.3135902983488625,0.3894369329961804
11,11.000000000000021,32,9.267798410617674,7.512699930843844,-0.06858743333668635,0.49527342346252096
11,11.000000000000021,33,4.264493176966877,0.27815130309224684,-0.2884232677912697,0.4084262706984034
11,11.000000000000021,34,8.08153689099882,4.046597265111345,-0.1878124163400168,0.46338590426179793
11,11.000000000000021,35,3.5284311721203236,9.02006502713962,-0.30550039149746305,0.3958149956670373
11,11.000000000000021,36,0.3515431512631763,9.202924021400195,0.23030918480419976,0.4437991430758119
11,11.000000000000021,37,5.3075092599819484,5.128912288116948,0.00962299409554716,0.4999073894079153
11,11.000000000000021,38,4.587776057519268,3.5868807490205175,-0.12816210763174601,0.48329543156064364
11,11.000000000000021,39,8.189386961133302,3.257312601110721,-0.25078878924721787,0.43255633527659093
11,11.000000000000021,40,6.277824197635858,6.63477511567137,-0.05332114947679856,0.4971487252507773
11,11.000000000000021,41,8.541949602350686,6.581532931464962,-0.08418501321277477,0.49286193152886626
11,11.000000000000021,42,7.830836373690329,4.980767598903051,-0.3252790167305951,0.37972827294629674
11,11.000000000000021,43,9.17200534509499,6.048545254570243,0.09599160408311597,0.49069910530339295
11,11.000000000000021,44,4.4685236722596455,7.440457263538051,-0.1693314899917172,0.47045387286872764
11,11.000000000000021,45,6.455811816116127,6.155573337746204,-0.14575343094568977,0.4782843687259286
11,11.000000000000021,46,3.283273394986249,5.09301308167072,-0.061949540067073115,0.4961474120515777
11,11.000000000000021,47,4.411044260788876,8.350221872833473,-0.30708725147737737,0.39458512387071815
11,11.000000000000021,48,1.1278255658892362,1.0528871717233754,-0.24067733057234014,0.43826296050267877
11,11.000000000000021,49,1.9758450735683195,1.769774444969057,-0.037381711111433284,0.49860064949253863
11,11.000000000000021,50,7.930879335549615,9.16117016222338,-0.32671658826771965,0.3784921015697703
11,11.000000000000021,51,8.784999283302353,1.2683428986382872,-0.38993242057383665,0.31297397237698305
11,11.000000000000021,52,9.176265582337079,8.19857121020487,-0.266884476842833,0.42281517950556996
11,11.000000000000021,53,4.763076336697056,6.294802207312147,-0.21946722435492344,0.4492595435090341
11,11.000000000000021,54,1.1595194376768805,7.456861541231258,0.09623881333329201,0.49065068104324466
11,11.000000000000021,55,2.7016133797307993,5.78125229832855,0.02317367558682446,0.4994626920599742
11,11.000000000000021,56,1.0051778044043278,2.387251246079342,-0.08137498001391483,0.4933336727081732
11,11.000000000000021,57,6.743976061606608,5.471095260286191,-0.25594390626064245,0.42952615385799675
11,11.000000000000021,58,5.389296062197721,8.235196468402815,-0.004602943093329236,0.4999788124659679
11,11.000000000000021,59,8.065917832837725,9.474723907496111,-0.03252957974230476,0.49894070433448207
11,11.000000000000021,60,3.5632725961897447,2.7582665083995033,-0.3102544858430352,0.392099673570731
11,11.000000000000021,61,8.596470315253962,8.47037453052174,-0.18648556410593486,0.46392147436833664
11,11.000000000000021,62,5.210902744059421,7.843711307455707,-0.16087848319324463,0.47341114651583865
11,11.000000000000021,63,1.976939618266502,6.8701519432598,0.2299067023989841,0.444007779427371
11,11.000000000000021,64,3.8218845451022574,7.46541565357387,-0.07023022884160342,0.4950431445408127
11,11.000000000000021,65,5.177050343530567,9.898069736627422,-0.23663675125315906,0.4404577709115262
11,11.000000000000021,66,9.318716521926884,2.4169178237449205,-0.3766533931305517,0.32883464148906516
11,11.000000000000021,67,7.740553473284109,2.4203986717078787,-0.13574885677544363,0.4812195422924552
11,11.000000000000021,68,3.9139344851741624,3.657911202248183,-0.2878233894036814,0.40884923445223276
11,11.000000000000021,69,8.152396878425074,9.894940760378255,-0.19978037230753104,0.45835336023712564
11,11.000000000000021,70,2.1948865044401096,9.717131956030993,0.1107836489962482,0.48757254138751094
11,11.000000000000021,71,2.5453669360510496,6.369336195604573,0.3499663059246367,0.3571044451101998
11,11.000000000000021,72,2.860581016430999,2.2360708533659537,-0.04739183186564456,0.4977489470329581
11,11.000000000000021,73,1.2432777749030552,2.339956769769217,-0.07891962458633,0.49373241017291214
11,11.000000000000021,74,4.541721198003469,6.149000471942798,-0.15536120925924907,0.47525034945542527
11,11.000000000000021,75,1.0098792869312074,9.00186456168063,-0.05508386594680233,0.49695650484962434
11,11.000000000000021,76,1.263416880361661,3.176376251476018,-0.3041359995765382,0.3968643266427205
11,11.000000000000021,77,0.07707349715377981,1.8126143486477884,-0.291262038878481,0.40640672325682586
11,11.000000000000021,78,3.7612896690549413,8.233538137376993,-0.12118475102694543,0.48509200788977885
11,11.000000000000021,79,0.8141094803105379,3.2158335467360404,-0.2514348220486315,0.43218113131113556
11,11.000000000000021,80,3.1896586988395046,4.738589791322578,0.15311115900544958,0.47598001322325284
11,11.000000000000021,81,3.988384021992798,1.1876650889805356,-0.3422869254540191,0.3644717556453926
11,11.000000000000021,82,5.047633933983928,7.246681664303831,-0.14764277208091103,0.47770452358363136
11,11.000000000000021,83,3.228986841931482,4.4284902764904,-0.12996238831661408,0.4828144339423187
11,11.000000000000021,84,0.7848322973376546,4.711311251178825,-0.3912688179786418,0.31130164162367735
11,11.000000000000021,85,8.73953431061602,8.515749668087205,-0.2381646328182307,0.4396334924395062
11,11.000000000000021,86,7.884847972440689,8.608952020271404,-0.19229018916159024,0.46154575412650034
11,11.000000000000021,87,5.536010029100127,8.989070749404585,0.015085747963445023,0.49977236839223455
11,11.000000000000021,88,1.356560853461882,9.828480510603974,0.1616720117282704,0.4731407408200376
11,11.000000000000021,89,0.877307740252836,7.8367228079367734,-0.04803950222694168,0.4976868555887202
11,11.000000000000021,90,8.823096577667535,9.326989998744645,-0.008867148550128484,0.4999213674935189
11,11.000000000000021,91,0.8048171699191634,3.894191289534043,-0.14577048789013328,0.4782791704227485
11,11.000000000000021,92,1.3773113302911772,8.084546934272216,0.13461333598047678,0.48153841983398094
11,11.000000000000021,93,1.193289522854301,7.5667833801971,0.16776625249037203,0.4710143145652123
11,11.000000000000021,94,8.839016438682892,1.0277670934333587,-0.41782630237824475,0.27462917004739984
11,11.000000000000021,95,8.279238450083314,1.3224549621564745,-0.4529303366232253,0.21178788956494146
11,11.000000000000021,96,1.8105812864673525,2.144066215250467,-0.16137932927784582,0.47324064922809894
11,11.000000000000021,97,1.663672449357749,9.350983702023058,0.14476476488696668,0.47858454096138675
11,11.000000000000021,98,5.383523868121215,8.780941803450045,-0.30254465332519426,0.3980788021790887
11,11.000000000000021,99,2.2809873391073596,7.017058132912344,0.21072013207445747,0.4534280824326204
11,11.000000000000021,100,7.12939291987209,8.308697007955432,-0.11226763034520353,0.48723298243927693
11,11.000000000000021,101,8.400049693405311,1.0285164369704798,-0.2604274913206896,0.42682258816095026
11,11.000000000000021,102,8.424540300934028,2.2373886329985053,-0.3044121048051016,0.3966525815472879
11,11.000000000000021,103,5.8406879599640815,6.940595150970638,-0.1994241182492327,0.45850847436063386
11,11.000000000000021,104,8.672975957407298,7.1042027354013655,-0.027503043828379085,0.4992430095456262
11,11.000000000000021,105,9.645085483213979,4.443018130214998,-0.16316104957632316,0.4726293176487813
11,11.000000000000021,106,3.1461517869450084,2.127677583575456,-0.1732712510246501,0.4690171356873357
11,11.000000000000021,107,6.1301981528988,9.68487971335189,-0.04272406435460752,0.4981713102187072
11,11.000000000000021,108,1.557548757633143,6.887815750273612,0.22312392412184254,0.44745470662902886
11,11.000000000000021,109,7.664369615643546,0.6303705416212144,-0.22635367052242897,0.4458295816127769
11,11.000000000000021,110,0.3585417668208101,4.3232643039760195,-0.156174111796356,0.47498383846676223
11,11.000000000000021,111,3.428334507691702,9.31813746156686,-0.2952962384098286,0.4034849830923149
11,11.000000000000021,112,0.6845155951284803,1.767262584049338,-0.2115474438598397,0.4530426900374489
11,11.000000000000021,113,3.043980767016669,6.318949095488431,0.13413102043378458,0.4816729900642049
11,11.000000000000021,114,1.6862653588605543,6.644031978905113,0.03986636449468975,0.4984081389604072
11,11.000000000000021,115,3.9249698888254363,9.425231401238177,-0.07368145735753105,0.49454124483370476
11,11.000000000000021,116,3.714312920851101,4.590986695651101,-0.14403990241762374,0.47880320227784756
11,11.000000000000021,117,9.044627081601533,2.647260303217729,-0.12821480176487382,0.483281454856685
11,11.000000000000021,118,4.436264089659518,2.7939532251799633,-0.05243083635762443,0.4972434086027084
11,11.000000000000021,119,8.81269942956134,4.872159207685603,0.04852032779135891,0.4976402091782969
12,12.000000000000036,0,3.7049933373556048,4.86306773081611,-0.26973429459334086,0.4210028626033709
12,12.000000000000036,1,0.1843017378949856,4.809007194661194,-0.010544805279879497,0.499888794714994
12,12.000000000000036,2,4.461946625051614,8.679790208545016,-0.2499665907820983,0.4330319889947797
12,12.000000000000036,3,9.446083686252615,9.512164086334087,-0.20533594215986276,0.4558915998977404
12,12.000000000000036,4,4.754501495363145,5.6584077342127,-0.17042368515681042,0.4700593234237274
12,12.000000000000036,5,7.96467685872807,0.7229360075147505,-0.3138792990740626,0.3892040411054017
12,12.000000000000036,6,1.3929238800200332,2.9718303624341003,-0.21538898622937272,0.45122897137826057
12,12.000000000000036,7,4.345670240074031,8.946822675330703,-0.3690513354604798,0.33734420373683077
12,12.000000000000036,8,3.084555101525523,8.669526167033684,-0.09023753479973214,0.49178977959415454
12,12.000000000000036,9,2.832595866270032,7.745580091254192,-0.012780879234092593,0.49983662243377436
12,12.000000000000036,10,8.228794204067846,8.022280981674317,-0.18181134211081032,0.4657731592522973
12,12.000000000000036,11,3.903857293538972,5.327345429830758,-0.0809428356591362,0.4934047601670033
12,12.000000000000036,12,8.88317695314213,2.353958283289971,-0.3084090333812798,0.3935528784405276
12,12.000000000000036,13,4.8424499636562475,7.2818452575108354,-0.3910311825170726,0.3116000871298015
12,12.000000000000036,14,0.25548701047119027,5.0048445486854245,0.1171891453283586,0.4860727355213506
12,12.000000000000036,15,4.302210920032402,6.403721796569606,-0.2160338102660999,0.4509206058963271
12,12.000000000000036,16,3.7061884625756703,2.5036140162292555,-0.003930657770183043,0.49998454969078165
12,12.000000000000036,17,3.860773847164356,4.056954435537462,-0.029688913064495885,0.4991177901468237
12,12.000000000000036,18,1.5576915537422014,0.6897774841746065,0.11885147484388027,0.48566894787234904
12,12.000000000000036,19,3.8503853271936297,6.086580970289934,-0.1376650887516359,0.4806748623955742
12,12.000000000000036,20,3.841105361455543,3.2045115069180996,-0.12883329676790195,0.48311694406625166
12,12.000000000000036,21,5.440536734363768,7.1956944745019555,-0.22853327333430348,0.4447162499607008
12,12.000000000000036,22,9.326753689954355,0.5434310358334734,-0.29712371794047754,0.40214113969752907
12,12.000000000000036,23,2.704746032173109,2.336854934339042,-0.11912069820408182,0.4856029852249388
12,12.000000000000036,24,9.865719258662814,3.359186066458959,-0.3122585481475937,0.39050556860146934
12,12.000000000000036,25,4.266417237858235,2.4518704295989453,-0.2543854798534962,0.4304509584606666
12,12.000000000000036,26,0.098143994838835,3.2642173784679707,-0.1060588483478279,0.48862206324226953
12,12.000000000000036,27,2.104345452462816,6.285824342442101,0.18154866783453483,0.46587560701061154
12,12.000000000000036,28,8.159333480700836,3.5349351728051586,-0.24945401576755263,0.4333274674163197
12,12.000000000000036,29,0.013994308015856455,0.14534104147438376,0.03115100929233087,0.49902867114031546
12,12.000000000000036,30,2.4127033300424285,5.569751646016178,-0.09055833952903301,0.49173080759877597
12,12.000000000000036,31,3.91577826641323,1.84989644963148,-0.10498381781294214,0.4888541684361697
12,12.000000000000036,32,9.05722777318391,7.9400392130700785,-0.11375346428622346,0.48688823087324967
12,12.000000000000036,33,4.069974276653756,0.7266672836397594,-0.3249101109237803,0.38004397090270586
12,12.000000000000036,34,7.787880413738599,4.434056599669895,-0.34094061474359366,0.3657314550572051
12,12.000000000000036,35,3.2706068896842075,9.430961971027644,-0.27121602692550983,0.4200498383986609
12,12.000000000000036,36,0.32298542467526514,9.686098567823112,0.06751120426091112,0.4954212725542188
12,12.000000000000036,37,5.058129335376446,5.511888119514807,-0.23225599715728343,0.4427834140801527
12,12.000000000000036,38,4.409218944168795,4.033201048829679,-0.07600820791759572,0.49418898442716785
12,12.000000000000036,39,7.900181523687113,3.6398148456788473,-0.3120378523670986,0.39068194057331185
12,12.000000000000036,40,6.047602906565327,7.061168309137656,-0.24224743803578203,0.4373970493328687
12,12.000000000000036,41,8.374590454141904,6.986385244446652,-0.0927015837321167,0.4913312694848124
12,12.000000000000036,42,7.588094777616297,5.382330899771429,-0.43214145239126683,0.2515030121592313
12,12.000000000000036,43,9.003289656983569,6.437666066244301,-0.327538206639305,0.37778131662578013
12,12.000000000000036,44,4.111165165737921,7.774931084253573,-0.3984904519938795,0.30200225110040757
12,12.000000000000036,45,6.295010062923424,6.6135395910429535,-0.32803846144426846,0.37734701246104646
12,12.000000000000036,46,3.1234392788369716,5.55337288615742,-0.3113795390549924,0.3912068284908898
12,12.000000000000036,47,4.08133338267673,8.705168318547923,-0.39309458676325365,0.308992954381531
12,12.000000000000036,48,1.0957797398820266,1.540800912410277,-0.16426011991721665,0.4722484653281381
12,12.000000000000036,49,1.8054540755354211,2.2241723001069094,0.027015816075168685,0.49926961221547683
12,12.000000000000036,50,7.695616487464714,9.585308317522026,-0.13448828001540983,0.48157336153331487
12,12.000000000000036,51,8.456709324084338,1.6222169035632632,-0.4680495348341611,0.17586822607146912
12,12.000000000000036,52,8.968823876096305,8.633192438216204,-0.058297973292106585,0.49658971627494747
12,12.000000000000036,53,4.49203508510034,6.695272006719344,-0.07192075581013074,0.49480036871823324
12,12.000000000000036,54,1.3500335409268436,7.902327817073039,0.30534376481044195,0.3959358348159275
12,12.000000000000036,55,2.7260260513079664,6.266161206686567,-0.06284726688024635,0.49603449582229975
12,12.000000000000036,56,0.8500280173861707,2.8468853178799374,-0.1906309988091264,0.46223351489591796
12,12.000000000000036,57,6.5974620551396015,5.92121962039671,0.0376102628912488,0.498583461544054
12,12.000000000000036,58,5.062831827634466,8.588320971674959,-0.24269127930044895,0.43715093840859076
12,12.000000000000036,59,7.850459702961372,9.90910721136679,-0.11919603910128322,0.4855844975517293
12,12.000000000000036,60,3.413911443663664,3.225831369718659,-0.023499479358759127,0.4994474691795597
12,12.000000000000036,61,8.369839628323643,8.902376785005403,-0.17863770795306952,0.4669995388619499
12,12.000000000000036,62,4.860523461252556,8.179561351380743,-0.25049712351517806,0.4327253067600988
12,12.000000000000036,63,2.151800620196249,7.323901449499132,0.2078238730807143,0.4547628368476597
12,12.000000000000036,64,3.5371370813509007,7.862737172414876,-0.27433112326138015,0.4180220506266977
12,12.000000000000036,65,4.9785254408729305,0.3270216360752216,-0.2956896898930221,0.4031967352186379
12,12.000000000000036,66,9.040143095927554,2.8197772447083485,-0.3545287159532525,0.3525753672118034
12,12.000000000000036,67,7.4680198401054385,2.809728811070594,-0.396684904659413,0.30436998277647626
12,12.000000000000036,68,3.7508102101578724,4.112725345382607,-0.11095900266999494,0.48753266529175254
12,12.000000000000036,69,7.920974104325645,0.3221482095384323,-0.20122543290246475,0.45772079388336256
12,12.000000000000036,70,2.311167970315835,0.17904660197664674,0.26445167755759685,0.4243410305838605
12,12.000000000000036,71,2.6409921591303034,6.851056787580498,0.1915599285483915,0.46184931933969026
12,12.000000000000036,72,2.692246590081431,2.691032842237939,-0.27794222925774087,0.41562978381636395
12,12.000000000000036,73,1.058565559054725,2.789922346744665,-0.2699431653814252,0.4208689670952902
12,12.000000000000036,74,4.310065458612086,6.57867980451958,-0.1525659368548892,0.47615505343489734
12,12.000000000000036,75,1.102555787593413,9.468328346509873,0.18352521609928682,0.46510052145284686
12,12.000000000000036,76,1.1078163360593978,3.635060174294508,-0.27659566577410755,0.4165271151737642
12,12.000000000000036,77,9.808711677052523,2.216391369926596,-0.4004460077351133,0.29940440024991205
12,12.000000000000036,78,3.447057065124799,8.597545506441673,-0.17929819389770776,0.4667463525995891
12,12.000000000000036,79,0.6355919380480236,3.6671199740574973,-0.035933421369871626,0.49870711768397213
12,12.000000000000036,80,3.0324891318573233,5.202894547378537,-0.25640193454445553,0.4292528951117985
12,12.000000000000036,81,3.8121484021618532,1.6344458395214598,0.056017910390175674,0.4968520843425317
12,12.000000000000036,82,4.758918491314464,7.635764068985649,-0.16807353940028824,0.4709047518909315
12,12.000000000000036,83,3.0873340002938865,4.892111058587646,-0.2507581254008719,0.4325741121997948
12,12.000000000000036,84,0.6457783423593505,5.1706265719908595,0.04101918728112361,0.498314585653276
12,12.000000000000036,85,8.522924849604646,8.95271061314053,-0.26188061088106496,0.4259325599723039
12,12.000000000000036,86,7.626708234643502,9.011383808832372,-0.14053756500287864,0.47984288347652054
12,12.000000000000036,87,5.303576427533463,9.410767529658482,-0.2664148794153195,0.4231112289057343
12,12.000000000000036,88,1.5016173582777774,0.294406253620787,0.20490339748256345,0.45608617354629666
12,12.000000000000036,89,1.0972141321730435,8.270058587464055,-0.0018785494351817782,0.499996471039566
12,12.000000000000036,90,8.655025677843843,9.783702739064891,-0.06324814861697785,0.49598353974353293
12,12.000000000000036,91,0.639866284170496,4.354575163626634,-0.168930708628455,0.4705979342095416
12,12.000000000000036,92,1.5876635134961794,8.524833818728677,0.07500259333755117,0.4943426048730191
12,12.000000000000036,93,1.3764591869592042,8.014104390013257,0.2039261247479687,0.4565239705045902
12,12.000000000000036,94,8.510356750623004,1.3816098180064127,-0.4509309530766551,0.21601221159318634
12,12.000000000000036,95,7.948704399744531,1.673912592202073,-0.30782152681250546,0.39401257293494835
12,12.000000000000036,96,1.6731149943851429,2.6051536179223636,-0.09177627610686473,0.4915049492568274
12,12.000000000000036,97,1.7936664899662653,9.819024707436665,0.16036276506368233,0.4735860888805014
12,12.000000000000036,98,5.0697643947176845,9.145513687320053,-0.21672951449919084,0.4505866371131583
12,12.000000000000036,99,2.4243267402009416,7.480885233546841,0.2869781386130784,0.40944297277908276
12,12.000000000000036,100,6.833963863675917,8.674329790341384,-0.0453220112390335,0.4979416786103057
12,12.000000000000036,101,8.081316861940184,1.3954687395992091,-0.43213924867442455,0.251506798626009
12,12.000000000000036,102,8.105799419166697,2.60285883269138,-0.3406885960172534,0.3659662286930213
12,12.000000000000036,103,5.591895147626871,7.361767132229622,-0.2307900634702188,0.4435492606277372
12,12.000000000000036,104,8.458229130655916,7.534733558577763,-0.14632546426156337,0.47810967205091964
12,12.000000000000036,105,9.509909229695088,4.913569249054748,-0.1765122425551657,0.46780704166156617
12,12.000000000000036,106,3.0196878158390548,2.5974558246062793,-0.2858809005511944,0.41020983740037004
12,12.000000000000036,107,5.953997442214271,0.12715534848281515,-0.1644980550941418,0.4721656381718652
12,12.000000000000036,108,1.7332668826324218,7.339567723185661,0.18137882206599296,0.46594175913514435
12,12.000000000000036,109,7.394775536168468,1.0270889910523977,-0.43985513378749386,0.23775504470102382
12,12.000000000000036,110,0.16579455810055077,4.767451286766212,-0.13144308632077045,0.4824134275271269
12,12.000000000000036,111,3.2082566443880016,9.745655361134967,-0.3107574687932934,0.39170115597121385
12,12.000000000000036,112,0.5453783730896699,2.2324374762429104,-0.29825906265774454,0.4012998025697541
12,12.000000000000036,113,3.1589726732730488,6.785724791876641,-0.09568727482131596,0.49075854087042636
12,12.000000000000036,114,1.8556581399142076,7.102736213471962,0.2798611576364406,0.4143401168682455
12,12.000000000000036,115,3.7397448163672427,9.871487316062883,-0.040529550938445534,0.4983546483185724
12,12.000000000000036,116,3.5459202888448287,5.047056858913914,-0.3009389172868436,0.3992940871866528
12,12.000000000000036,117,8.730545060211355,3.015741283112828,-0.3743577605834674,0.33144572269216455
12,12.000000000000036,118,4.290001622061516,3.2599681799084816,-0.2599339260938188,0.4271233476004948
12,12.000000000000036,119,8.674694340065168,5.334525900889603,0.0726051027501689,0.49470041343689763
13,13.00000000000005,0,3.568928353852822,5.328534234066568,-0.011419611924788726,0.4998695754529247
13,13.00000000000005,1,0.09886475158608593,5.288032555947583,-0.19926989084006302,0.45857552333785695
13,13.00000000000005,2,4.290687293425263,9.137377158380156,0.07684086529084844,0.49406020019968594
13,13.00000000000005,3,9.290493317033818,9.96332313412924,-0.2654795852227844,0.4236987017090545
13,13.00000000000005,4,4.6121307585666385,6.118036250641308,-0.25556515048290934,0.4297516187970068
13,13.00000000000005,5,7.631040467465041,1.0629999679436812,-0.4023244716351735,0.2968754276181822
13,13.00000000000005,6,1.1802130230364611,3.4092291197694604,-0.2619316357605479,0.4259011835952134
13,13.00000000000005,7,4.1516318462183595,9.392465028060192,-0.2541144740487092,0.4306110008800843
13,13.00000000000005,8,2.9717845753282908,9.142050619864303,-0.13783622279512586,0.48062581670731386
13,13.00000000000005,9,2.84987121929296,8.225082381168432,-0.16159207266405232,0.4731680484269153
13,13.00000000000005,10,8.02659564076343,8.469171692831994,-0.28721816411177115,0.4092746342057662
13,13.00000000000005,11,3.7290156184851853,5.7818238467359055,-0.29429482144836766,0.40421597948209986
13,13.00000000000005,12,8.515982238149983,2.6779764637224144,-0.385761842287704,0.31810030027460934
13,13.00000000000005,13,4.635008775572129,7.7231538781201685,0.015298394471508407,0.4997659043258094
13,13.00000000000005,14,0.14132169023283722,5.482403031283877,-0.040799983843688756,0.49833258103234096
13,13.00000000000005,15,4.199356437925188,6.878933524057157,-0.11666350118617906,0.4861991644285111
13,13.00000000000005,16,3.550277955822779,2.961520530942362,-0.2494427207124919,0.43333396945491104
13,13.00000000000005,17,3.7263180697654223,4.523376162178313,-0.01868433459649213,0.49965077368166494
13,13.00000000000005,18,1.6837400116097423,1.1645860141065887,-0.04641464349428804,0.49784101967324684
13,13.00000000000005,19,3.7360850085371795,6.56116552159465,-0.28434624374689893,0.4112751070354601
13,13.00000000000005,20,3.688415565990278,3.6679598566021783,0.010846734512979047,0.4998823345052363
13,13.00000000000005,21,5.2579394467487095,7.64554854604393,-0.15125592939736016,0.4765728106198892
13,13.00000000000005,22,9.202433470585124,1.0002048020039707,0.1150981866614919,0.4865720988992652
13,13.00000000000005,23,2.491532671008653,2.7637813943410103,-0.23393364900368893,0.4418993639549834
13,13.00000000000005,24,9.695579259800128,3.816516762487484,0.02005971691895054,0.49959744570717285
13,13.00000000000005,25,4.13433220050345,2.91853732930018,-0.3338310523755612,0.3722322238466537
13,13.00000000000005,26,9.917302125081244,3.7147022819372078,-0.15034190254522511,0.4768619426407207
13,13.00000000000005,27,2.2126884968451908,6.760840837278338,0.1484846874727035,0.4774435019833589
13,13.00000000000005,28,7.840510498211739,3.896126623832863,-0.44019407423984186,0.23712692171942137
13,13.00000000000005,29,9.888299812932695,0.6032975651071278,0.08738042461764958,0.49230545537667897
13,13.00000000000005,30,2.3007006342916485,6.039569990840118,-0.19866276939291122,0.45883886502468263
13,13.00000000000005,31,3.7659293568641528,2.309103534882451,-0.23590139969349838,0.4408520495842662
13,13.00000000000005,32,8.846858928723636,8.374724012726697,-0.290756290580391,0.40676870514818525
13,13.00000000000005,33,4.0087676828922065,1.2056008011522377,0.10350985517944751,0.489168386019303
13,13.00000000000005,34,7.4460552234399815,4.769103837786304,-0.41999472757675504,0.27130136160315776
13,13.00000000000005,35,3.2425955048484756,9.904182761249334,0.008797229313763885,0.4999226027660692
13,13.00000000000005,36,0.22617442599843238,0.15978878283444764,-0.10895679887493567,0.48798403250406336
13,13.00000000000005,37,4.927959763448312,5.957613849076679,-0.12855854058185878,0.48319012991105537
13,13.00000000000005,38,4.271697192299012,4.4979256158328615,-0.23337290451261317,0.4421957569214643
13,13.00000000000005,39,7.579376334795745,3.996610268470332,-0.2855651194358798,0.41042972913955894
13,13.00000000000005,40,5.884684093017078,7.521128489063437,-0.20200892215563152,0.4573755517837831
13,13.00000000000005,41,8.12305938284605,7.39101653378381,-0.10778263417477837,0.4882447170941493
13,13.00000000000005,42,7.252865016969742,5.704463105532264,-0.49610438358428416,0.062293182519898724
13,13.00000000000005,43,8.716581329652833,6.82056288818611,-0.3928438853988807,0.3093116255569956
13,13.00000000000005,44,3.921019344828151,8.220881185946066,-0.12077364629719839,0.48519452424783116
13,13.00000000000005,45,6.1344219286233646,7.075236832696669,-0.08811698780332833,0.49217415257250974
13,13.00000000000005,46,3.0100907600467934,6.025585302229871,-0.006395329311523643,0.4999590980900309
13,13.00000000000005,47,3.8893194707544256,9.146216579446635,-0.20541802870395642,0.45585461880228934
13,13.00000000000005,48,0.9720275710438797,2.0048734047448113,-0.18416349716067928,0.4648481540390888
13,13.00000000000005,49,1.629642657881603,2.672995710242131,-0.2955798541437846,0.40327726172490685
13,13.00000000000005,50,7.480458993718501,0.020780017187734146,-0.2221339532604699,0.44794699107023295
13,13.00000000000005,51,8.094071636284303,1.939128931214463,-0.40951780221575856,0.28687134689329796
13,13.00000000000005,52,8.778738660246741,9.083121765631004,-0.13485593537287918,0.48147053564543885
13,13.00000000000005,53,4.319638225847996,7.146012461492513,-0.046598139439355535,0.4978238778933674
13,13.00000000000005,54,1.6614132740940342,8.283411865327231,0.3428213707724036,0.3639691027295176
13,13.00000000000005,55,2.727239794076346,6.745230472674029,-0.01783509740152933,0.4996818080545638
13,13.00000000000005,56,0.6949577519963469,3.3127513074690826,-0.0872769505402705,0.492323810011654
13,13.00000000000005,57,6.412986868869316,6.365280223977804,-0.33975005931851104,0.36683769870757316
13,13.00000000000005,58,4.879648253077452,9.040925313845827,-0.08144125960105777,0.4933227353716765
13,13.00000000000005,59,7.598674178892257,0.32270748100764285,-0.1314681709933875,0.4824065920109855
13,13.00000000000005,60,3.263400426730557,3.687637619841234,-0.28341387062555473,0.4119181689814633
13,13.00000000000005,61,8.204092668272896,9.363338749779944,-0.1910684357641954,0.46205286802986467
13,13.00000000000005,62,4.69400621221072,8.636702532776352,-0.037485106425028766,0.4985928868288278
13,13.00000000000005,63,2.344264451009393,7.768500983056405,0.2549336589613934,0.4301265273481234
13,13.00000000000005,64,3.40486311160176,8.319901655724681,0.11960729289867951,0.4854833627277556
13,13.00000000000005,65,4.820455993043514,0.779159024434247,-0.19890971619305164,0.458731865912975
13,13.00000000000005,66,8.677027671887398,3.1402804977411214,-0.45103428794947087,0.2157963648765052
13,13.00000000000005,67,7.137417399264403,3.1575895186193423,-0.34608472377223404,0.3608675158163955
13,13.00000000000005,68,3.606358656037866,4.57531848034792,-0.07643108195689875,0.4941237595085849
13,13.00000000000005,69,7.623253825892474,0.6968055589136188,-0.4234837691762965,0.2658223038878365
13,13.00000000000005,70,2.4740603533580607,0.6370591989248112,0.14343887354014362,0.4789836005100119
13,13.00000000000005,71,2.759969202832635,7.3225828386818295,0.08900799992693403,0.49201379650270677
13,13.00000000000005,72,2.5199396687959363,3.1373727572468257,-0.23432244185401818,0.44169332488002383
13,13.00000000000005,73,0.8580139250377957,3.231905548787391,-0.25046630213398446,0.4327431472540352
13,13.00000000000005,74,4.145531889778965,7.0398195514414965,-0.16347985462875575,0.47251913943306134
13,13.00000000000005,75,1.197857908442588,9.94528346758162,0.21447011858584025,0.451666434699077
13,13.00000000000005,76,0.9036553512602435,4.069929688011007,-0.23357904717153685,0.44208690177660426
13,13.00000000000005,77,9.477609186054526,2.565122276081893,-0.4411451610624115,0.23535281360378724
13,13.00000000000005,78,3.298304484761836,9.055538819297492,-0.22442459247532323,0.4468037626210024
13,13.00000000000005,79,0.4391516297452838,4.11067437863073,-0.3434742136522107,0.363353085243535
13,13.00000000000005,80,2.850179946767603,5.659434493622967,-0.1820205680842087,0.46569143517387335
13,13.00000000000005,81,3.7065698908675615,2.1154112616418885,-0.04435993622931757,0.49802830849032154
13,13.00000000000005,82,4.593106596568304,8.091145604177571,0.025354793545336842,0.49935672063593306
13,13.00000000000005,83,2.9159833207338437,5.341659370502989,-0.21124600873124466,0.45318332250328763
13,13.00000000000005,84,0.5458999834713193,5.652674605273195,-0.00858512759461443,0.49992629015104234
13,13.00000000000005,85,8.339250925625562,9.403649309446713,-0.1696631356845775,0.4703343708359794
13,13.00000000000005,86,7.435728470706422,9.462277469330791,-0.27281385741527636,0.4190138413014506
13,13.00000000000005,87,5.11821932874978,9.853836404118729,-0.2021293117298578,0.4573223604194463
13,13.00000000000005,88,1.6827896191090388,0.752539339053227,0.2605108146136207,0.4267717369617484
13,13.00000000000005,89,1.3926486654475712,8.656566316262689,0.2340239430494079,0.44185155208464244
13,13.00000000000005,90,8.432044921869329,0.21394683122025182,-0.10279425080646525,0.4893192638770086
13,13.00000000000005,91,0.518790336871617,4.827863808877234,-0.15143113992418178,0.4765171663867556
13,13.00000000000005,92,1.8658947511149477,8.914914432169857,0.37409881302413805,0.3317379660122292
13,13.00000000000005,93,1.6468836635472077,8.424151029562342,0.14984195469632838,0.47701927488601914
13,13.00000000000005,94,8.139995766064054,1.6963137838826805,-0.44078732164221573,0.23602232326515613
13,13.00000000000005,95,7.5843886441197625,1.9920607585002954,-0.28998354795193027,0.40731995030591195
13,13.00000000000005,96,1.454925392573929,3.0373313754865032,-0.01725539750366166,0.49970216254984395
13,13.00000000000005,97,1.9492631618128495,0.28319969529623645,0.23043809154204425,0.44373222326811074
13,13.00000000000005,98,4.860346894503764,9.585601650362081,-0.2511871807926279,0.432325109385809
13,13.00000000000005,99,2.5596069194419195,7.945267777756826,0.01686320042407948,0.4997155515605426
13,13.00000000000005,100,6.654191187549683,9.120086528482863,-0.21149513651182733,0.4530671111787342
13,13.00000000000005,101,7.702817557008442,1.6945858152423174,-0.3086833313945851,0.39333776950496474
13,13.00000000000005,102,7.751098145960551,2.9389265753524394,-0.3202589616344479,0.3839716102693339
13,13.00000000000005,103,5.383837454836379,7.8008134452857005,-0.15090693946040468,0.47668343334197566
13,13.00000000000005,104,8.2451048899919,7.968743119965459,-0.18450404878476395,0.46471308996199956
13,13.00000000000005,105,9.418597077026194,5.389274988874399,0.10958585674239678,0.4878431510250348
13,13.00000000000005,106,2.8336848383502176,3.048250949126158,-0.27250816497061203,0.4192127145308807
13,13.00000000000005,107,5.768717401805398,0.5652166176074496,-0.2303445673835848,0.4437807795261858
13,13.00000000000005,108,1.964924186966929,7.7669126206689745,0.14602971140336407,0.4782000871888777
13,13.00000000000005,109,7.054107936160615,1.3748977001785843,-0.40131773508460017,0.2982349334108375
13,13.00000000000005,110,0.10565245762703196,5.256822006522091,-0.018543903455642188,0.4996560053122826
13,13.00000000000005,111,3.2921080926269566,0.21762687579749296,-0.08540910794405993,0.49265128060343044
13,13.00000000000005,112,0.3330484748916442,2.664752411148759,-0.3787741451913269,0.3263895631520401
13,13.00000000000005,113,3.188333453016391,7.271007415329175,0.06643021249727432,0.49556737873629964
13,13.00000000000005,114,2.0751351727311915,7.538217759730296,0.12271158140633585,0.48470802323538675
13,13.00000000000005,115,3.7481744093335263,0.35483302253859705,-0.18014512371079083,0.4664201264988721
13,13.00000000000005,116,3.3996900192726396,5.515241824512377,-0.16547144273541264,0.4718253931689784
13,13.00000000000005,117,8.376993223360795,3.3553099125204375,-0.46745227974773834,0.17744961583120478
13,13.00000000000005,118,4.113598968728148,3.715634127181527,-0.15128358040137635,0.47656403378868234
13,13.00000000000005,119,8.583167254977205,5.809266000328433,-0.15112033836952768,0.47661582362640814
14,14.000000000000064,0,3.4274970738375163,5.795546110954645,-0.05456897944689669,0.4970133061419223
14,14.000000000000064,1,9.95980872310025,5.748677939646288,-0.2780783589585126,0.41553871814662546
14,14.000000000000064,2,4.289723173623148,9.623799908112606,0.1622199454516115,0.47295315761465867
14,14.000000000000064,3,9.111384989627648,0.4189085035398751,-0.28530553695990635,0.4106102173351504
14,14.000000000000064,4,4.585556395315841,6.594520417220343,0.007403697466283721,0.499945182258843
14,14.000000000000064,5,7.3670039389587085,1.4673824796522925,-0.0833169016110476,0.49300942577798146
14,14.000000000000064,6,0.9728855760413928,3.8526998436039226,-0.15972477623854864,0.4738016418877688
14,14.000000000000064,7,4.167128951877438,9.880174480456123,-0.08241432539831438,0.4931611085326384
14,14.000000000000064,8,3.0053869474336956,9.621029406798266,0.10388786829624308,0.48908824441082455
14,14.000000000000064,9,2.940376418694369,8.703529890221688,0.10618919605231772,0.48859375215178763
14,14.000000000000064,10,7.910449903948383,8.940611918836492,0.011325572254727793,0.49987171495605043
14,14.000000000000064,11,3.6378172769195096,6.256668682146259,0.13740786325784454,0.4807484572153232
14,14.000000000000064,12,8.199759301664026,3.046438704431665,-0.19240299231513722,0.46149874165395205
14,14.000000000000064,13,4.615201462687791,8.207322370350976,0.17145688489674277,0.46968344299273
14,14.000000000000064,14,0.010427927190307865,5.951964242890626,-0.294246235206707,0.40425134887428543
14,14.000000000000064,15,4.181033874701335,7.353895299357084,-0.03378244520296798,0.498857440954937
14,14.000000000000064,16,3.290400968172873,3.376773115915003,-0.3246352193123974,0.38027881137658937
14,14.000000000000064,17,3.5614313928309653,4.976651239865111,-0.10751909438583533,0.48830282033022276
14,14.000000000000064,18,1.5801195844580307,1.6203600769537505,-0.22805001666670185,0.4449642568772429
14,14.000000000000064,19,3.7604174487326882,7.043703273342721,0.20093019231349593,0.45785047539219786
14,14.000000000000064,20,3.45757243716453,4.0949664683143165,-0.10586602146597911,0.4886638778331839
14,14.000000000000064,21,5.179358758514815,8.127913165955233,-0.162288906661498,0.4729294987359275
14,14.000000000000064,22,9.123614367600887,1.4703802782526407,-0.2451173695463477,0.4357952215739397
14,14.000000000000064,23,2.235025405060978,3.170914826025932,-0.2203031069604632,0.4488502434705441
14,14.000000000000064,24,9.528618846994869,4.253108097637775,0.13152765342705125,0.48239037758227876
14,14.000000000000064,25,3.848385314443443,3.313492380758769,-0.10373311516408863,0.489121090138581
14,14.000000000000064,26,9.73439782237189,4.164294504145504,-0.1831004849198986,0.46526789317778844
14,14.000000000000064,27,2.25538120388012,7.2480912163916935,0.0410577047027772,0.4983114135603755
14,14.000000000000064,28,7.502565449565758,4.246722490391221,-0.3871651804171794,0.316390775896727
14,14.000000000000064,29,9.769972205146166,1.0761921128033678,-0.26661653860078116,0.4229841856908343
14,14.000000000000064,30,2.2031239543853864,6.517845564566491,-0.046686214467186,0.4978156258884648
14,14.000000000000064,31,3.466226424848597,2.693095046151602,-0.3322871506902311,0.3736110939013557
14,14.000000000000064,32,8.714787888256783,8.840639928215223,0.02557276951812152,0.4993456052266536
14,14.000000000000064,33,3.824141852601534,1.6470566274345133,-0.34339962925598877,0.3634235746712774
14,14.000000000000064,34,7.1216780163276825,5.143387426164389,-0.35734282487726976,0.3497228981761602
14,14.000000000000064,35,3.2003702420231144,0.3873011057481455,-0.19643820516609098,0.4597956410745155
14,14.000000000000064,36,0.1412261082417392,0.627581325951437,-0.20473075474102678,0.4561636965642592
14,14.000000000000064,37,4.891517687246862,6.417578764504191,-0.007342955588712332,0.49994607809565045
14,14.000000000000064,38,4.088108089307727,4.937963530754646,-0.07187581298898757,0.4948068992113712
14,14.000000000000064,39,7.245873384678573,4.353858808483756,-0.36933843466805355,0.33702985131431906
14,14.000000000000064,40,5.808706022948306,8.005064370869878,-0.03585825565721886,0.49871252791685666
14,14.000000000000064,41,7.994447664662695,7.857134044313925,-0.27190623355218263,0.41960338434701155
14,14.000000000000064,42,6.965234768667472,6.098170455865861,-0.21765093936208635,0.4501422759470626
14,14.000000000000064,43,8.608828392024673,7.291266337453474,-0.12148890081717803,0.4850159244583974
14,14.000000000000064,44,3.9229832831870524,8.710917624982748,0.15259520048234798,0.4761456760170694
14,14.000000000000064,45,5.993594024512791,7.531851073346459,0.23038953743692558,0.4437574349119116
14,14.000000000000064,46,2.941379483755506,6.5075350396315885,0.1276781747530756,0.483423503453983
14,14.000000000000064,47,3.9221986109228597,9.635910252723813,0.09107426013243092,0.49163551452405296
14,14.000000000000064,48,0.7396468664948714,2.4233017188483283,-0.2960710859284311,0.4029167557661999
14,14.000000000000064,49,1.399612046143468,3.1013816082241443,-0.21493875286165476,0.4514436094555736
14,14.000000000000064,50,7.2329869583834245,0.4447092108020772,-0.14960719340414178,0.47709295496971627
14,14.000000000000064,51,7.827221335267094,2.32575061341582,-0.20137731191471095,0.45765399402387524
14,14.000000000000064,52,8.621981343373832,9.543036610130894,0.047287083049168926,0.49775890928912664
14,14.000000000000064,53,4.331097054830179,7.622968896506763,0.11910056610524569,0.48560792328112806
14,14.000000000000064,54,1.7440639100415525,8.757930867544799,0.126382331984402,0.4837638950585134
14,14.000000000000064,55,2.7458471638888073,7.228482285288647,-0.15115634657260932,0.4766044050266649
14,14.000000000000064,56,0.5058819403018536,3.764616507374246,-0.16579409558211813,0.47171211333832364
14,14.000000000000064,57,6.260816988005836,6.811678599612273,-0.31219584221078395,0.39055570166917203
14,14.000000000000064,58,4.828562349789554,9.522394853748594,0.1921592553590729,0.46160028225711325
14,14.000000000000064,59,7.362342442955518,0.748150422177226,-0.2774996439345717,0.4159254111210156
14,14.000000000000064,60,2.9835587252413616,4.083635395569385,-0.3731527891619633,0.33280173668514323
14,14.000000000000064,61,8.013753592984456,9.806425718017177,-0.10873546862757648,0.4880333983062443
14,14.000000000000064,62,4.70402404572623,9.125769089939135,-0.09820655710429801,0.4902606165517686
14,14.000000000000064,63,2.4322663059721052,8.240900623779902,-0.014498101657674154,0.4997897608478226
14,14.000000000000064,64,3.453157678427715,8.80180106811493,0.1132190293536819,0.48701278360245337
14,14.000000000000064,65,4.667602619601529,1.2429680023918335,-0.059950491096442245,0.4963929276463308
14,14.000000000000064,66,8.320745820569208,3.4727337905984403,-0.2852830114356412,0.4106258678970576
14,14.000000000000064,67,6.7957411828468715,3.5068086083589547,-0.329184473187762,0.3763476884638666
14,14.000000000000064,68,3.38747589808719,5.010953475411177,-0.17521771337651362,0.46829344744412765
14,14.000000000000064,69,7.3902647961637955,1.1279093921393302,-0.1521322843542659,0.47629378334926104
14,14.000000000000064,70,2.352741769692851,1.1126545222529984,-0.10359417765023003,0.4891505354765265
14,14.000000000000064,71,2.8155007385093334,7.795535125646928,-0.14156088961495494,0.47954198411757704
14,14.000000000000064,72,2.2317257590760176,3.532429860225615,-0.4336062885227207,0.24896904738049494
14,14.000000000000064,73,0.6695839837318994,3.684049498580964,-0.23831926112774027,0.4395496897684355
14,14.000000000000064,74,4.169762649140887,7.5212884344691044,0.12677088400663286,0.4836622199099045
14,14.000000000000064,75,1.1063766616389212,0.4116777514397459,-0.13853362549471054,0.4804252643307711
14,14.000000000000064,76,0.7203692375676716,4.5203385712535455,-0.06656984980824456,0.49554864049506553
14,14.000000000000064,77,9.142278729724804,2.9179391347148185,-0.29039218675722084,0.407028718729231
14,14.000000000000064,78,3.326356587852762,9.542773066715581,0.17111053047748934,0.4698097342113211
14,14.000000000000064,79,0.25010471341473517,4.559197873302111,-0.1587481617145932,0.47412975138904473
14,14.000000000000064,80,2.6960424315401674,6.123670730778509,0.10792717485378625,0.48821278652661304
14,14.000000000000064,81,3.428274547695661,2.519001461222083,-0.3597240614992296,0.3472730907779905
14,14.000000000000064,82,4.5934401603591475,8.576416721800793,0.1921906823592407,0.46158719827816874
14,14.000000000000064,83,2.8121313959910763,5.813669283336343,-0.05038404113063015,0.49745497122789617
14,14.000000000000064,84,0.4084374469569267,6.1253381755645275,-0.17516755506125162,0.46831221172831206
14,14.000000000000064,85,8.172881568608748,9.855063901630615,-0.1955928908387152,0.4601558660425339
14,14.000000000000064,86,7.219149857274029,9.892567293754748,0.027489341438346252,0.49924376421472305
14,14.000000000000064,87,4.994804471426556,0.3194316924966647,-0.15027813347411326,0.47688204264737905
14,14.000000000000064,88,1.580199487888383,1.208836608256939,-0.09562410963866595,0.4907708524920896
14,14.000000000000064,89,1.4995421225327263,9.120339519592099,0.06881178892308784,0.4952423020150888
14,14.000000000000064,90,8.228881873751293,0.6565031450981174,-0.002543423454264362,0.4999935309552838
14,14.000000000000064,91,0.3378529701457021,5.279845310338308,-0.010627481764294969,0.49988704387226274
14,14.000000000000064,92,1.955150652996363,9.37448080534844,0.0668840351647931,0.4955063327951265
14,14.000000000000064,93,1.7212698528973722,8.892044295791717,-0.1726086928300891,0.46926137616416713
14,14.000000000000064,94,7.892425838059051,2.1028437625629,-0.27064316387383913,0.42041916922086014
14,14.000000000000064,95,7.326977988867581,2.3984571849469902,-0.19394320106017957,0.46085359363091744
14,14.000000000000064,96,1.2357794745711428,3.4736435874211464,-0.11366045746970764,0.4869099510256253
14,14.000000000000064,97,1.860429813974031,0.753134987815249,-0.05598181720222171,0.4968561523647836
14,14.000000000000064,98,4.834284332453304,0.06372453416746687,0.19860331223016045,0.4588646035283277
14,14.000000000000064,99,2.637844141527204,8.421227120038854,-0.09446984656292241,0.4909943462916634
14,14.000000000000064,100,6.383262197845637,9.517651244102705,-0.19305735020901366,0.46122538907813204
14,14.000000000000064,101,7.449213970810783,2.098822454757838,-0.26122845801582795,0.42633284265075433
14,14.000000000000064,102,7.4251231512341525,3.3029315002811255,-0.45834417109093895,0.199801453515634
14,14.000000000000064,103,5.362491073975554,8.28807726062847,-0.19554322551862652,0.4601769735153765
14,14.000000000000064,104,8.080690411569071,8.422142120525548,-0.19021436240069067,0.4624051214427655
14,14.000000000000064,105,9.286103342262871,5.858861812242274,-0.33511000480579445,0.3710812373039904
14,14.000000000000064,106,2.539019670060263,3.431764685782706,-0.1851925436288379,0.4644391475578701
14,14.000000000000064,107,5.6018234637514475,1.0222698722672448,0.08713526595711531,0.49234890619009486
14,14.000000000000064,108,1.9891263983280043,8.249829061308176,-0.11768378168792962,0.4859532153691626
14,14.000000000000064,109,6.821143452915344,1.8031336374337708,-0.35098525420246846,0.3561030066321101
14,14.000000000000064,110,9.977642286884782,5.727676616167133,-0.16583462821046716,0.4716978652551823
14,14.000000000000064,111,3.199410126957646,0.6938105368223981,-0.2584608344031934,0.42801635141616384
14,14.000000000000064,112,0.09741731639801407,3.0893546164319154,-0.3544987396111683,0.3526055070671658
14,14.000000000000064,113,3.254045897843916,7.747173921764443,0.2007843382774436,0.45791445653362933
14,14.000000000000064,114,2.154463636886327,8.013821177391016,0.14562786508470302,0.47832261593078734
14,14.000000000000064,115,3.6917347702964287,0.835108880480498,-0.0647521815741688,0.49578942604838383
14,14.000000000000064,116,3.3042297341831386,5.993305517715061,0.012384920593293502,0.4998465902073333
14,14.000000000000064,117,8.014165720659578,3.682080688315227,-0.2045668191992454,0.45623723706280617
14,14.000000000000064,118,3.861509926198119,4.1263529274020385,-0.36489887430622564,0.34183155432178775
14,14.000000000000064,119,8.466034276328728,6.275212623200408,-0.2380940758848062,0.43967170824213847
